index,Tool,Domain,Handle,Topic,Source Type,Parent URL,IG_Subscriber_count,IG_Fav_count,IG_Fav_comment,IG_expected_count,IG_expected_comment,FB_like_count,FB_share_count,FB_comment_count,FB_love_count,FB_wow_count,FB_haha_count,FB_sad_count,FB_angry_count,FB_thankful_count,FB_care_count,FB_expected_like_count,FB_expected_share_count,FB_expected_comment_count,FB_expected_love_count,FB_expected_wow_count,FB_expected_haha_count,FB_expected_sad_count,FB_expected_angry_count,FB_expected_thankful_count,FB_expected_care_count,post_type,Date
0,CrowdTangle,Social,corriere,#ReadyForSport,Instagram,https://www.instagram.com/p/CHBvk6lnMoN/,877058,17321,140,6619,71,,,,,,,,,,,,,,,,,,,,,photo,2020-11-01 00:00:14
1,CrowdTangle,Social,nytimes,#ReadyForSport,Instagram,https://www.instagram.com/p/CHBvlY0JLpi/,11349911,24282,226,71923,853,,,,,,,,,,,,,,,,,,,,,photo,2020-11-01 00:00:18
2,CrowdTangle,Social,lanacioncom,#ReadyForSport,Instagram,https://www.instagram.com/p/CHBvl7pnHcK/,1126112,6547,286,5342,608,,,,,,,,,,,,,,,,,,,,,photo,2020-11-01 00:00:20
3,CrowdTangle,Social,voguerunway,#ReadyForSport,Instagram,https://www.instagram.com/p/CHBvmJbM6ns/,5953988,6836,22,7960,35,,,,,,,,,,,,,,,,,,,,,photo,2020-11-01 00:00:24
4,CrowdTangle,Social,ellekorea,#ReadyForSport,Instagram,https://www.instagram.com/p/CHBvhjOADnE/,1747096,8930,145,5123,13,,,,,,,,,,,,,,,,,,,,,video,2020-11-01 00:00:24
5,CrowdTangle,Social,abc_mart_japan,#ReadyForSport,Instagram,https://www.instagram.com/p/CHBvlENp5B8/,69206,1183,0,262,7,,,,,,,,,,,,,,,,,,,,,video,2020-11-01 00:00:26
6,CrowdTangle,Social,spurmagazine,#ReadyForSport,Instagram,https://www.instagram.com/p/CHBvneYhmDU/,194970,890,0,1079,3,,,,,,,,,,,,,,,,,,,,,photo,2020-11-01 00:00:33
7,CrowdTangle,Social,pagesix,#ReadyForSport,Instagram,https://www.instagram.com/p/CHBvn1Tn6LN/,346111,282,3,613,32,,,,,,,,,,,,,,,,,,,,,photo,2020-11-01 00:00:37
8,CrowdTangle,Social,skysports,#ReadyForSport,Instagram,https://www.instagram.com/p/CHBvoMpgDK0/,6404198,68585,433,106500,757,,,,,,,,,,,,,,,,,,,,,photo,2020-11-01 00:00:39
9,CrowdTangle,Social,abreg_1,#ReadyForSport,Instagram,https://www.instagram.com/p/CHBvojXg2d9/,694956,53084,271,30834,223,,,,,,,,,,,,,,,,,,,,,photo,2020-11-01 00:00:42
10,CrowdTangle,Social,corinthians,#ReadyForSport,Instagram,https://www.instagram.com/p/CHBvpRWFHAo/,5249689,194389,6120,62344,909,,,,,,,,,,,,,,,,,,,,,photo,2020-11-01 00:00:48
11,CrowdTangle,Social,poxte,#ReadyForSport,Instagram,https://www.instagram.com/p/CHBvp7DjQin/,45139,1343,9,1925,20,,,,,,,,,,,,,,,,,,,,,album,2020-11-01 00:00:53
12,CrowdTangle,Social,complex,#ReadyForSport,Instagram,https://www.instagram.com/p/CHBvqG9DSoa/,7891109,133757,1051,165336,972,,,,,,,,,,,,,,,,,,,,,album,2020-11-01 00:00:55
13,CrowdTangle,Social,nwsl,#ReadyForSport,Instagram,https://www.instagram.com/p/CHBvXE5nRtD/,358889,4464,34,3671,11,,,,,,,,,,,,,,,,,,,,,video,2020-11-01 00:01:04
14,CrowdTangle,Social,sneakernews,#ReadyForSport,Instagram,https://www.instagram.com/p/CHBvlgaH0lK/,9708108,16268,62,32225,182,,,,,,,,,,,,,,,,,,,,,photo,2020-11-01 00:01:08
15,CrowdTangle,Social,yahoo,#ReadyForSport,Instagram,https://www.instagram.com/p/CHBvnBrAfFH/,640820,231,7,186,5,,,,,,,,,,,,,,,,,,,,,photo,2020-11-01 00:01:12
16,CrowdTangle,Social,brasileirao,#ReadyForSport,Instagram,https://www.instagram.com/p/CHBvs-iH9cL/,2127546,9263,51,11775,131,,,,,,,,,,,,,,,,,,,,,photo,2020-11-01 00:01:18
17,CrowdTangle,Social,paratirevista,#ReadyForSport,Instagram,https://www.instagram.com/p/CHBvrgApD6z/,258881,57,0,250,9,,,,,,,,,,,,,,,,,,,,,video,2020-11-01 00:01:20
18,CrowdTangle,Social,avani,#ReadyForSport,Instagram,https://www.instagram.com/p/CHBvt_yHCxc/,14899972,1980607,7009,1483634,6093,,,,,,,,,,,,,,,,,,,,,album,2020-11-01 00:01:26
19,CrowdTangle,Social,celinedion,#ReadyForSport,Instagram,https://www.instagram.com/p/CHBvt78nEw-/,4581725,503655,8043,117633,1625,,,,,,,,,,,,,,,,,,,,,album,2020-11-01 00:01:26
20,CrowdTangle,Social,bbcsport,#ReadyForSport,Instagram,https://www.instagram.com/p/CHBvu2qMmk3/,2167254,4649,47,6335,46,,,,,,,,,,,,,,,,,,,,,photo,2020-11-01 00:01:33
21,CrowdTangle,Social,dafiti,#ReadyForSport,Instagram,https://www.instagram.com/p/CHBvvBYBRs_/,4681813,10332,98,3868,335,,,,,,,,,,,,,,,,,,,,,photo,2020-11-01 00:01:35
22,CrowdTangle,Social,shoesmaster_jp,#ReadyForSport,Instagram,https://www.instagram.com/p/CHBvvUfnWum/,21340,190,0,179,2,,,,,,,,,,,,,,,,,,,,,album,2020-11-01 00:01:37
23,CrowdTangle,Social,todateen,#ReadyForSport,Instagram,https://www.instagram.com/tv/CHBvlZ_gLTI/,492890,205,5,409,13,,,,,,,,,,,,,,,,,,,,,igtv,2020-11-01 00:01:48
24,CrowdTangle,Social,brasileirao,#ReadyForSport,Instagram,https://www.instagram.com/p/CHBvzjzn1-H/,2127546,20205,646,10517,132,,,,,,,,,,,,,,,,,,,,,photo,2020-11-01 00:02:12
25,CrowdTangle,Social,foxsportsbrasil,#ReadyForSport,Instagram,https://www.instagram.com/p/CHBv0hLA-yh/,4666653,54648,1534,28588,656,,,,,,,,,,,,,,,,,,,,,photo,2020-11-01 00:02:20
26,CrowdTangle,Social,libertadores,#ReadyForSport,Instagram,https://www.instagram.com/p/CHBv0ojAaGV/,3134050,1803,100,13888,263,,,,,,,,,,,,,,,,,,,,,photo,2020-11-01 00:02:21
27,CrowdTangle,Social,enews,#ReadyForSport,Instagram,https://www.instagram.com/p/CHBwAoHHkds/,15912347,78084,275,95675,570,,,,,,,,,,,,,,,,,,,,,album,2020-11-01 00:03:59
28,CrowdTangle,Social,simoneklimmeck,#ReadyForSport,Instagram,https://www.instagram.com/p/CHBwERNHJRp/,79422,3153,115,2879,18,,,,,,,,,,,,,,,,,,,,,album,2020-11-01 00:04:29
29,CrowdTangle,Social,time,#ReadyForSport,Instagram,https://www.instagram.com/p/CHBwF0ALp0I/,9813342,21647,551,23753,325,,,,,,,,,,,,,,,,,,,,,photo,2020-11-01 00:04:50
30,CrowdTangle,Social,selfmagazine,#ReadyForSport,Instagram,https://www.instagram.com/p/CHBwK1UM5Ct/,818471,1038,5,2107,23,,,,,,,,,,,,,,,,,,,,,photo,2020-11-01 00:05:24
31,CrowdTangle,Social,altpress,#ReadyForSport,Instagram,https://www.instagram.com/p/CHBvqYGh8ZQ/,802549,651,1,1294,8,,,,,,,,,,,,,,,,,,,,,video,2020-11-01 00:05:58
32,CrowdTangle,Social,brunoguedes,#ReadyForSport,Instagram,https://www.instagram.com/p/CHBwRgiB-0r/,1133669,21218,56,24804,112,,,,,,,,,,,,,,,,,,,,,photo,2020-11-01 00:06:17
33,CrowdTangle,Social,sanyarichiross,#ReadyForSport,Instagram,https://www.instagram.com/p/CHBwTP-gYp_/,338258,5907,57,4570,72,,,,,,,,,,,,,,,,,,,,,photo,2020-11-01 00:06:32
34,CrowdTangle,Social,gabunion,#ReadyForSport,Instagram,https://www.instagram.com/p/CHBwTsKpTHJ/,16866182,345861,1692,209107,1459,,,,,,,,,,,,,,,,,,,,,album,2020-11-01 00:06:35
35,CrowdTangle,Social,fiotioficial,#ReadyForSport,Instagram,https://www.instagram.com/tv/CHBvrSbnpsZ/,77495,155,20,616,37,,,,,,,,,,,,,,,,,,,,,igtv,2020-11-01 00:07:01
36,CrowdTangle,Social,people,#ReadyForSport,Instagram,https://www.instagram.com/p/CHBwT1CAoDW/,8467105,5699,189,24315,395,,,,,,,,,,,,,,,,,,,,,video,2020-11-01 00:07:02
37,CrowdTangle,Social,sportbible,#ReadyForSport,Instagram,https://www.instagram.com/p/CHBwZhkMZBM/,4602205,94052,318,125862,603,,,,,,,,,,,,,,,,,,,,,photo,2020-11-01 00:07:23
38,CrowdTangle,Social,arilennox,#ReadyForSport,Instagram,https://www.instagram.com/p/CHBwavpBiu1/,1383461,305223,4614,103737,1586,,,,,,,,,,,,,,,,,,,,,album,2020-11-01 00:07:33
39,CrowdTangle,Social,jdsportsus,#ReadyForSport,Instagram,https://www.instagram.com/p/CHBwcKWlXC0/,52574,554,6,285,4,,,,,,,,,,,,,,,,,,,,,photo,2020-11-01 00:07:45
40,CrowdTangle,Social,vicalbuquerq,#ReadyForSport,Instagram,https://www.instagram.com/p/CHBwezoF8lB/,66307,5269,115,3625,85,,,,,,,,,,,,,,,,,,,,,album,2020-11-01 00:08:06
41,CrowdTangle,Social,433,#ReadyForSport,Instagram,https://www.instagram.com/p/CHBwmfBJaY9/,32418070,892977,13562,858349,2412,,,,,,,,,,,,,,,,,,,,,photo,2020-11-01 00:09:09
42,CrowdTangle,Social,ibnjasper,#ReadyForSport,Instagram,https://www.instagram.com/p/CHBwmuYBS_s/,165098,2361,23,1119,16,,,,,,,,,,,,,,,,,,,,,photo,2020-11-01 00:09:11
43,CrowdTangle,Social,ronaldo,#ReadyForSport,Instagram,https://www.instagram.com/p/CHBwrUAn06H/,17580011,268686,1150,134106,699,,,,,,,,,,,,,,,,,,,,,album,2020-11-01 00:09:49
44,CrowdTangle,Social,glamourmexico,#ReadyForSport,Instagram,https://www.instagram.com/p/CHBwrj7pm2c/,385722,1871,26,1234,11,,,,,,,,,,,,,,,,,,,,,album,2020-11-01 00:09:51
45,CrowdTangle,Social,kingjames,#ReadyForSport,Instagram,https://www.instagram.com/p/CHBv3EWAv36/,74632207,926509,3714,998939,8553,,,,,,,,,,,,,,,,,,,,,video,2020-11-01 00:09:58
46,CrowdTangle,Social,snoopdogg,#ReadyForSport,Instagram,https://www.instagram.com/p/CHBwwaVHmjQ/,55657801,198059,952,192515,1629,,,,,,,,,,,,,,,,,,,,,photo,2020-11-01 00:10:31
47,CrowdTangle,Social,isabellaboylston,#ReadyForSport,Instagram,https://www.instagram.com/tv/CHBwoMhA7b5/,450530,4912,19,2973,55,,,,,,,,,,,,,,,,,,,,,igtv,2020-11-01 00:11:05
48,CrowdTangle,Social,diariolance,#ReadyForSport,Instagram,https://www.instagram.com/p/CHBw3JCpYky/,548990,1949,16,2362,16,,,,,,,,,,,,,,,,,,,,,photo,2020-11-01 00:11:26
49,CrowdTangle,Social,nicekicks,#ReadyForSport,Instagram,https://www.instagram.com/p/CHBw3jbBYL1/,4117409,11115,78,15552,155,,,,,,,,,,,,,,,,,,,,,album,2020-11-01 00:11:29
50,CrowdTangle,Social,foxsportsbrasil,#ReadyForSport,Instagram,https://www.instagram.com/p/CHBw5KmH-5_/,4666653,40701,791,28588,656,,,,,,,,,,,,,,,,,,,,,photo,2020-11-01 00:11:42
51,CrowdTangle,Social,elanameyerstaylor,#ReadyForSport,Instagram,https://www.instagram.com/p/CHBxA7rl1Mr/,9690,719,31,256,7,,,,,,,,,,,,,,,,,,,,,album,2020-11-01 00:12:46
52,CrowdTangle,Social,cluelmagazine,#ReadyForSport,Instagram,https://www.instagram.com/p/CHBxBYjg8vi/,259705,1089,0,2915,2,,,,,,,,,,,,,,,,,,,,,photo,2020-11-01 00:12:50
53,CrowdTangle,Social,uolesporte,#ReadyForSport,Instagram,https://www.instagram.com/p/CHBxJdcr_iX/,1160750,4704,41,6412,137,,,,,,,,,,,,,,,,,,,,,photo,2020-11-01 00:13:56
54,CrowdTangle,Social,nba,#ReadyForSport,Instagram,https://www.instagram.com/p/CHBxJsHgoi_/,52407002,54461,248,112945,381,,,,,,,,,,,,,,,,,,,,,video,2020-11-01 00:14:43
55,CrowdTangle,Social,nfl,#ReadyForSport,Instagram,https://www.instagram.com/p/CHBxPhegTsz/,19273544,46915,139,216978,1051,,,,,,,,,,,,,,,,,,,,,album,2020-11-01 00:14:45
56,CrowdTangle,Social,jjjjound,#ReadyForSport,Instagram,https://www.instagram.com/p/CHBxSjVB41l/,304576,16806,152,9010,64,,,,,,,,,,,,,,,,,,,,,photo,2020-11-01 00:15:10
57,CrowdTangle,Social,kelleynata,#ReadyForSport,Instagram,https://www.instagram.com/p/CHBxW8TBhm0/,17634,817,50,721,23,,,,,,,,,,,,,,,,,,,,,album,2020-11-01 00:15:46
58,CrowdTangle,Social,jocelinazuckerman,#ReadyForSport,Instagram,https://www.instagram.com/p/CHBxYyPFXh7/,842298,57691,220,52953,215,,,,,,,,,,,,,,,,,,,,,photo,2020-11-01 00:16:01
59,CrowdTangle,Social,bocajrsoficial,#ReadyForSport,Instagram,https://www.instagram.com/p/CHBxcVAgFgU/,5139967,25362,66,56257,267,,,,,,,,,,,,,,,,,,,,,photo,2020-11-01 00:16:30
60,CrowdTangle,Social,fashionrules.my,#ReadyForSport,Instagram,https://www.instagram.com/p/CHBxdeSAj6V/,66665,60,0,71,1,,,,,,,,,,,,,,,,,,,,,album,2020-11-01 00:16:40
61,CrowdTangle,Social,iamtabithabrown,#ReadyForSport,Instagram,https://www.instagram.com/p/CHBxoEMlc-a/,3167321,113815,614,38129,421,,,,,,,,,,,,,,,,,,,,,album,2020-11-01 00:18:06
62,CrowdTangle,Social,alegrandekarate,#ReadyForSport,Instagram,https://www.instagram.com/p/CHBxowqpV1p/,34590,771,35,1114,29,,,,,,,,,,,,,,,,,,,,,album,2020-11-01 00:18:12
63,CrowdTangle,Social,foxsportsbrasil,#ReadyForSport,Instagram,https://www.instagram.com/p/CHBxptWnyla/,4666653,24774,299,28588,656,,,,,,,,,,,,,,,,,,,,,photo,2020-11-01 00:18:20
64,CrowdTangle,Social,luisnani,#ReadyForSport,Instagram,https://www.instagram.com/p/CHBxwb4hWC2/,2207266,57248,135,23261,98,,,,,,,,,,,,,,,,,,,,,photo,2020-11-01 00:19:15
65,CrowdTangle,Social,djvice,#ReadyForSport,Instagram,https://www.instagram.com/p/CHBxyX6j7_S/,128551,1804,32,804,30,,,,,,,,,,,,,,,,,,,,,photo,2020-11-01 00:19:31
66,CrowdTangle,Social,rauwalejandro,#ReadyForSport,Instagram,https://www.instagram.com/tv/CHBxyiOAHZ8/,6089818,174564,2652,91278,1170,,,,,,,,,,,,,,,,,,,,,igtv,2020-11-01 00:19:59
67,CrowdTangle,Social,voguemexico,#ReadyForSport,Instagram,https://www.instagram.com/p/CHBx4wDFNFp/,978198,6843,62,2908,11,,,,,,,,,,,,,,,,,,,,,photo,2020-11-01 00:20:25
68,CrowdTangle,Social,usatoday,#ReadyForSport,Instagram,https://www.instagram.com/p/CHBx2nGAcq6/,2059191,2069,244,4660,174,,,,,,,,,,,,,,,,,,,,,photo,2020-11-01 00:20:30
69,CrowdTangle,Social,jdsports,#ReadyForSport,Instagram,https://www.instagram.com/p/CHByB-EDr0m/,351642,3725,12,2181,7,,,,,,,,,,,,,,,,,,,,,photo,2020-11-01 00:21:39
70,CrowdTangle,Social,heatheroreilly,#ReadyForSport,Instagram,https://www.instagram.com/p/CHByDeph1HF/,406929,20339,87,18386,50,,,,,,,,,,,,,,,,,,,,,album,2020-11-01 00:21:51
71,CrowdTangle,Social,rogergzz,#ReadyForSport,Instagram,https://www.instagram.com/p/CHByDn8shc3/,1196327,25409,95,20269,88,,,,,,,,,,,,,,,,,,,,,photo,2020-11-01 00:21:52
72,CrowdTangle,Social,estadao,#ReadyForSport,Instagram,https://www.instagram.com/p/CHByD60AMlZ/,1801675,31755,1272,12866,371,,,,,,,,,,,,,,,,,,,,,photo,2020-11-01 00:21:55
73,CrowdTangle,Social,atlargemagazine,#ReadyForSport,Instagram,https://www.instagram.com/p/CHByEDSgdJq/,42513,183,2,354,5,,,,,,,,,,,,,,,,,,,,,photo,2020-11-01 00:21:56
74,CrowdTangle,Social,febreteen,#ReadyForSport,Instagram,https://www.instagram.com/p/CHByKMVDIea/,402097,9651,58,6887,23,,,,,,,,,,,,,,,,,,,,,photo,2020-11-01 00:22:46
75,CrowdTangle,Social,brasileirao,#ReadyForSport,Instagram,https://www.instagram.com/p/CHByFFsnDDT/,2127546,2557,39,3882,96,,,,,,,,,,,,,,,,,,,,,video,2020-11-01 00:22:46
76,CrowdTangle,Social,thi.coach,#ReadyForSport,Instagram,https://www.instagram.com/p/CHByLHgL7BF/,21447,239,21,374,15,,,,,,,,,,,,,,,,,,,,,photo,2020-11-01 00:22:54
77,CrowdTangle,Social,richmedina,#ReadyForSport,Instagram,https://www.instagram.com/tv/CHBxdVaJMaL/,61032,376,22,291,23,,,,,,,,,,,,,,,,,,,,,igtv,2020-11-01 00:23:15
78,CrowdTangle,Social,maluma,#ReadyForSport,Instagram,https://www.instagram.com/p/CHByR_Pnsh7/,55661061,1746100,14240,1151044,8535,,,,,,,,,,,,,,,,,,,,,photo,2020-11-01 00:23:50
79,CrowdTangle,Social,portalg1,#ReadyForSport,Instagram,https://www.instagram.com/p/CHByVGBgDgg/,5546044,5120,39,12711,236,,,,,,,,,,,,,,,,,,,,,album,2020-11-01 00:24:15
80,CrowdTangle,Social,naomiosaka,#ReadyForSport,Instagram,https://www.instagram.com/p/CHByYW_J8c6/,1815988,106853,1000,78096,638,,,,,,,,,,,,,,,,,,,,,album,2020-11-01 00:24:42
81,CrowdTangle,Social,aori_nishimura,#ReadyForSport,Instagram,https://www.instagram.com/p/CHByNEfjmqC/,112171,8329,41,5970,43,,,,,,,,,,,,,,,,,,,,,video,2020-11-01 00:25:07
82,CrowdTangle,Social,barstoolsports,#ReadyForSport,Instagram,https://www.instagram.com/p/CHByj5vh67u/,9210749,417706,2336,166575,2562,,,,,,,,,,,,,,,,,,,,,photo,2020-11-01 00:26:17
83,CrowdTangle,Social,rogergzz,#ReadyForSport,Instagram,https://www.instagram.com/p/CHBoBa4F-Po/,1196327,8975,56,2509,25,,,,,,,,,,,,,,,,,,,,,video,2020-11-01 00:26:22
84,CrowdTangle,Social,michaelsuccara,#ReadyForSport,Instagram,https://www.instagram.com/p/CHBynAkAcHn/,83228,2647,19,2600,37,,,,,,,,,,,,,,,,,,,,,album,2020-11-01 00:26:42
85,CrowdTangle,Social,opalayo,#ReadyForSport,Instagram,https://www.instagram.com/p/CHByoLDFBMF/,177120,11138,79,1278,35,,,,,,,,,,,,,,,,,,,,,photo,2020-11-01 00:26:52
86,CrowdTangle,Social,bocajrsoficial,#ReadyForSport,Instagram,https://www.instagram.com/p/CHByrOepKwd/,5139967,62315,164,56257,267,,,,,,,,,,,,,,,,,,,,,photo,2020-11-01 00:27:17
87,CrowdTangle,Social,sneakerfreakermag,#ReadyForSport,Instagram,https://www.instagram.com/p/CHBy47jlc6B/,1268606,2781,13,4132,24,,,,,,,,,,,,,,,,,,,,,album,2020-11-01 00:29:09
88,CrowdTangle,Social,juanxov,#ReadyForSport,Instagram,https://www.instagram.com/p/CHBy6kbBzZ1/,7069,107,1,149,7,,,,,,,,,,,,,,,,,,,,,album,2020-11-01 00:29:22
89,CrowdTangle,Social,iamwellandgood,#ReadyForSport,Instagram,https://www.instagram.com/p/CHBy_wCjVZE/,1008807,2041,10,2056,23,,,,,,,,,,,,,,,,,,,,,photo,2020-11-01 00:30:15
90,CrowdTangle,Social,playerstribune,#ReadyForSport,Instagram,https://www.instagram.com/p/CHBzAPKHSrx/,436145,739,4,2288,14,,,,,,,,,,,,,,,,,,,,,photo,2020-11-01 00:30:18
91,CrowdTangle,Social,esquire,#ReadyForSport,Instagram,https://www.instagram.com/p/CHBzB9oMh5E/,512322,2138,7,3814,22,,,,,,,,,,,,,,,,,,,,,photo,2020-11-01 00:30:24
92,CrowdTangle,Social,buzzfeed,#ReadyForSport,Instagram,https://www.instagram.com/p/CHBsTaXH2Td/,5780056,10844,37,17359,119,,,,,,,,,,,,,,,,,,,,,photo,2020-11-01 00:30:49
93,CrowdTangle,Social,metroadelantadook,#ReadyForSport,Instagram,https://www.instagram.com/p/CHBzG7IDWIv/,216610,8624,57,9856,120,,,,,,,,,,,,,,,,,,,,,photo,2020-11-01 00:31:04
94,CrowdTangle,Social,pitufollow,#ReadyForSport,Instagram,https://www.instagram.com/p/CHBzH96Djnc/,74331,3785,224,2511,109,,,,,,,,,,,,,,,,,,,,,photo,2020-11-01 00:31:12
95,CrowdTangle,Social,lizzobeeating,#ReadyForSport,Instagram,https://www.instagram.com/p/CHBzDjvhtzF/,9560182,600353,6143,334792,4201,,,,,,,,,,,,,,,,,,,,,video,2020-11-01 00:31:28
96,CrowdTangle,Social,camzink,#ReadyForSport,Instagram,https://www.instagram.com/p/CHBzL5jDOPE/,351753,10117,52,10031,35,,,,,,,,,,,,,,,,,,,,,album,2020-11-01 00:31:44
97,CrowdTangle,Social,enews,#ReadyForSport,Instagram,https://www.instagram.com/p/CHBzNRHHuU-/,15912347,39063,162,95675,570,,,,,,,,,,,,,,,,,,,,,album,2020-11-01 00:31:56
98,CrowdTangle,Social,mylesstraw,#ReadyForSport,Instagram,https://www.instagram.com/p/CHBzXejFCvQ/,31653,2165,27,3332,62,,,,,,,,,,,,,,,,,,,,,album,2020-11-01 00:33:19
99,CrowdTangle,Social,catavallejos,#ReadyForSport,Instagram,https://www.instagram.com/p/CHBzXq_lwSJ/,1174935,56469,334,25055,164,,,,,,,,,,,,,,,,,,,,,photo,2020-11-01 00:33:21
100,CrowdTangle,Social,MercitoGesta,#ReadyForSport,Facebook,https://www.facebook.com/MercitoGesta/posts/10158709554576772,,,,,,2722,20,25,96,9,1,0,0,0,4,152,5,11,14,3,1,1,1,0,3,photo,2020-11-01 00:31:23
101,CrowdTangle,Social,forumsport.es,#ReadyForSport,Facebook,https://www.facebook.com/forumsport.es/posts/3640891205972990,,,,,,31,0,0,0,0,1,0,0,0,0,22,3,12,2,1,1,0,1,0,1,photo,2020-11-01 12:00:01
102,CrowdTangle,Social,MercitoGesta,#ReadyForSport,Facebook,https://www.facebook.com/MercitoGesta/posts/10158710975041772,,,,,,99,2,7,13,4,0,0,0,0,0,42,3,5,4,3,1,1,0,0,2,native_video,2020-11-01 15:20:35
103,CrowdTangle,Social,adidaskarate,#ReadyForSport,Facebook,https://www.facebook.com/adidaskarate/posts/3369294686453851,,,,,,35,1,0,3,0,0,0,0,0,0,71,10,3,10,2,2,1,1,0,1,native_video,2020-11-01 21:55:35
104,CrowdTangle,Social,adidas.cs,#ReadyForSport,Facebook,https://www.facebook.com/adidas.cs/posts/10157130825280738,,,,,,5,0,0,0,0,0,0,0,0,0,9,2,2,1,1,0,0,0,0,0,native_video,2020-11-01 22:02:52
105,CrowdTangle,Social,queenfitnass,#ReadyForSport,Facebook,https://www.facebook.com/queenfitnass/posts/1062364907567194,,,,,,13422,727,187,1772,86,8,2,0,0,64,3990,394,186,891,51,5,2,2,0,28,native_video,2020-11-02 06:46:47
106,CrowdTangle,Social,BEMER.International,#ReadyForSport,Facebook,https://www.facebook.com/BEMER.International/posts/3811479458864498,,,,,,47,24,2,1,0,0,0,0,0,1,46,25,3,4,2,2,1,0,0,2,photo,2020-11-02 09:00:13
107,CrowdTangle,Social,adidasjudo,#ReadyForSport,Facebook,https://www.facebook.com/adidasjudo/posts/4488364004552727,,,,,,39,7,0,3,0,0,0,0,0,0,43,4,3,4,2,1,1,1,0,7,photo,2020-11-02 11:43:38
108,CrowdTangle,Social,BoutiqueDuCombat,#ReadyForSport,Facebook,https://www.facebook.com/BoutiqueDuCombat/posts/3303459056446855,,,,,,20,0,0,0,0,0,0,0,0,0,27,4,1,5,0,0,0,0,0,1,photo,2020-11-02 11:50:14
109,CrowdTangle,Social,NihonSport,#ReadyForSport,Facebook,https://www.facebook.com/NihonSport/posts/2414438452184345,,,,,,4,0,0,2,0,0,0,0,0,0,4,2,3,2,1,1,4,0,0,16,photo,2020-11-02 12:28:36
110,CrowdTangle,Social,salvador.rgh,#ReadyForSport,Facebook,https://www.facebook.com/salvador.rgh/posts/3468151396604136,,,,,,14,0,3,0,0,0,0,1,0,0,23,2,2,6,1,9,1,0,0,1,native_video,2020-11-02 14:48:36
111,CrowdTangle,Social,danichristoffer,#ReadyForSport,Facebook,https://www.facebook.com/danichristoffer/posts/3212071942252623,,,,,,4,0,0,0,0,0,0,0,0,0,8,3,2,2,2,1,0,0,0,0,native_video,2020-11-02 16:42:06
112,CrowdTangle,Social,EnDondeCorrer,#ReadyForSport,Facebook,https://www.facebook.com/EnDondeCorrer/posts/2888837251219105,,,,,,36,35,2,4,0,0,0,0,0,1,52,15,11,12,8,6,3,1,0,0,native_video,2020-11-02 17:03:51
113,CrowdTangle,Social,FairPlayStore,#ReadyForSport,Facebook,https://www.facebook.com/FairPlayStore/posts/3311439432236458,,,,,,18,6,0,1,0,0,0,0,0,0,174,18,20,24,4,5,2,3,0,2,native_video,2020-11-02 18:30:01
114,CrowdTangle,Social,,#ReadyForSport,Facebook,https://www.facebook.com/129173913779965/posts/3754932597870727,,,,,,211,0,6,10,0,0,0,0,0,1,187,2,7,13,2,3,2,0,0,2,photo,2020-11-02 18:57:40
115,CrowdTangle,Social,adidas.cs,#ReadyForSport,Facebook,https://www.facebook.com/adidas.cs/posts/10157132460770738,,,,,,21,2,0,0,0,0,0,0,0,0,10,2,2,1,0,0,0,0,0,0,photo,2020-11-02 21:41:57
116,CrowdTangle,Social,WebAdictos,#ReadyForSport,Facebook,https://www.facebook.com/WebAdictos/posts/10158430225260831,,,,,,1,0,0,0,0,0,0,0,0,0,2,1,1,1,1,1,0,0,0,1,link,2020-11-02 23:22:07
117,CrowdTangle,Social,TendenciasTech,#ReadyForSport,Facebook,https://www.facebook.com/TendenciasTech/posts/2785578031762388,,,,,,0,0,0,0,0,0,0,0,0,0,1,1,1,1,1,1,0,0,0,0,link,2020-11-02 23:31:07
118,CrowdTangle,Social,Bucssupporters1,#ReadyForSport,Facebook,https://www.facebook.com/Bucssupporters1/posts/3366180963497156,,,,,,217,4,15,49,1,0,0,0,0,4,303,10,62,72,4,4,12,5,0,7,status,2020-11-03 07:23:05
119,CrowdTangle,Social,Bucssupporters1,#ReadyForSport,Facebook,https://www.facebook.com/Bucssupporters1/posts/3366367836811802,,,,,,362,3,65,54,2,1,264,0,0,23,303,10,62,72,4,4,12,5,0,7,status,2020-11-03 09:23:46
120,CrowdTangle,Social,BoutiqueDuCombat,#ReadyForSport,Facebook,https://www.facebook.com/BoutiqueDuCombat/posts/3305859136206847,,,,,,9,0,0,0,0,0,0,0,0,0,27,4,1,5,0,0,0,0,0,1,photo,2020-11-03 09:24:29
121,CrowdTangle,Social,JDSportsDanmark,#ReadyForSport,Facebook,https://www.facebook.com/JDSportsDanmark/posts/2753548768252609,,,,,,10,0,0,1,0,0,0,0,0,0,6,2,3,2,1,0,0,0,0,0,photo,2020-11-03 09:30:00
122,CrowdTangle,Social,Bucssupporters1,#ReadyForSport,Facebook,https://www.facebook.com/Bucssupporters1/posts/3366721160109803,,,,,,423,1,55,83,0,0,3,0,0,9,303,10,62,72,4,4,12,5,0,7,status,2020-11-03 12:27:51
123,CrowdTangle,Social,queenfitnass,#ReadyForSport,Facebook,https://www.facebook.com/queenfitnass/posts/1063497704120581,,,,,,4549,534,277,1630,81,0,3,0,0,52,3990,394,186,891,51,5,2,2,0,28,native_video,2020-11-03 14:17:05
124,CrowdTangle,Social,CSCristal,#ReadyForSport,Facebook,https://www.facebook.com/CSCristal/posts/4863417640336880,,,,,,2758,122,174,502,1,6,0,0,0,26,2171,30,99,273,3,5,7,4,0,21,photo,2020-11-03 16:05:19
125,CrowdTangle,Social,adidaskarate,#ReadyForSport,Facebook,https://www.facebook.com/adidaskarate/posts/3374038189312834,,,,,,1676,40,9,131,2,2,0,0,0,3,121,7,3,11,3,2,1,0,0,5,photo,2020-11-03 16:40:50
126,CrowdTangle,Social,cruzeirooficial,#ReadyForSport,Facebook,https://www.facebook.com/cruzeirooficial/posts/3728447407214540,,,,,,762,8,216,19,0,2,0,1,0,5,1330,25,124,90,4,9,5,5,0,12,photo,2020-11-03 18:11:42
127,CrowdTangle,Social,SCfemenino,#ReadyForSport,Facebook,https://www.facebook.com/SCfemenino/posts/3492559744160619,,,,,,167,1,0,19,0,0,0,0,0,1,371,6,6,29,2,2,15,2,0,3,photo,2020-11-03 19:06:23
128,CrowdTangle,Social,adidas.cs,#ReadyForSport,Facebook,https://www.facebook.com/adidas.cs/posts/10157134515105738,,,,,,5,3,0,0,0,0,0,0,0,0,9,2,2,1,1,0,0,0,0,0,native_video,2020-11-03 22:05:20
129,CrowdTangle,Social,Bucssupporters1,#ReadyForSport,Facebook,https://www.facebook.com/Bucssupporters1/posts/3368843659897553,,,,,,153,1,7,33,0,1,0,0,0,1,303,10,62,72,4,4,12,5,0,7,status,2020-11-04 06:56:39
130,CrowdTangle,Social,JDSportsNederland,#ReadyForSport,Facebook,https://www.facebook.com/JDSportsNederland/posts/1662497793912448,,,,,,4,0,9,0,0,0,0,0,0,0,9,1,7,2,1,1,0,2,0,0,photo,2020-11-04 08:00:00
131,CrowdTangle,Social,jdsports.be,#ReadyForSport,Facebook,https://www.facebook.com/jdsports.be/posts/1685239654969747,,,,,,9,0,1,1,0,0,0,0,0,0,8,1,2,2,1,0,0,1,0,1,photo,2020-11-04 08:00:00
132,CrowdTangle,Social,MercitoGesta,#ReadyForSport,Facebook,https://www.facebook.com/MercitoGesta/posts/10158717803456772,,,,,,749,8,13,57,1,0,0,0,0,3,152,5,11,14,3,1,1,1,0,3,photo,2020-11-04 14:32:32
133,CrowdTangle,Social,SFA.combatsports,#ReadyForSport,Facebook,https://www.facebook.com/SFA.combatsports/posts/3266786920043893,,,,,,2,0,0,0,0,0,0,0,0,0,8,1,2,2,1,0,0,0,0,1,photo,2020-11-04 14:50:49
134,CrowdTangle,Social,AllForSports.lb,#ReadyForSport,Facebook,https://www.facebook.com/AllForSports.lb/posts/2396175020678626,,,,,,1,0,0,0,0,0,0,0,0,0,6,1,2,2,1,1,0,0,0,1,photo,2020-11-04 14:57:07
135,CrowdTangle,Social,adidasjudo,#ReadyForSport,Facebook,https://www.facebook.com/adidasjudo/posts/4494272367295224,,,,,,294,64,3,21,0,0,0,0,0,3,24,6,3,3,1,2,0,0,0,2,native_video,2020-11-04 16:07:53
136,CrowdTangle,Social,BoutiqueDuCombat,#ReadyForSport,Facebook,https://www.facebook.com/BoutiqueDuCombat/posts/3309317062527721,,,,,,18,0,0,2,0,0,0,0,0,0,14,4,0,1,0,0,0,0,0,0,native_video,2020-11-04 16:14:42
137,CrowdTangle,Social,Bucssupporters1,#ReadyForSport,Facebook,https://www.facebook.com/Bucssupporters1/posts/3370099763105276,,,,,,177,5,42,38,0,0,0,0,0,2,303,10,62,72,4,4,12,5,0,7,status,2020-11-04 16:48:49
138,CrowdTangle,Social,CoerverEW,#ReadyForSport,Facebook,https://www.facebook.com/CoerverEW/posts/3657074124349369,,,,,,6,0,2,0,0,0,0,0,0,0,17,4,2,2,0,0,0,0,0,0,photo,2020-11-04 17:00:13
139,CrowdTangle,Social,Bucssupporters1,#ReadyForSport,Facebook,https://www.facebook.com/Bucssupporters1/posts/3370276353087617,,,,,,71,1,13,3,0,0,1,0,0,0,303,10,62,72,4,4,12,5,0,7,status,2020-11-04 18:20:22
140,CrowdTangle,Social,Bucssupporters1,#ReadyForSport,Facebook,https://www.facebook.com/Bucssupporters1/posts/3370374676411118,,,,,,380,3,36,152,1,3,0,0,0,4,303,10,62,72,4,4,12,5,0,7,status,2020-11-04 19:12:52
141,CrowdTangle,Social,Bucssupporters1,#ReadyForSport,Facebook,https://www.facebook.com/Bucssupporters1/posts/3370398676408718,,,,,,810,23,124,332,3,1,1,0,0,10,303,10,62,72,4,4,12,5,0,7,status,2020-11-04 19:26:59
142,CrowdTangle,Social,jdsports.de,#ReadyForSport,Facebook,https://www.facebook.com/jdsports.de/posts/3691131020933065,,,,,,12,0,0,0,0,0,0,0,0,0,11,2,2,2,1,1,0,1,0,0,photo,2020-11-04 20:01:11
143,CrowdTangle,Social,adidas.cs,#ReadyForSport,Facebook,https://www.facebook.com/adidas.cs/posts/10157136030170738,,,,,,8,1,0,0,0,0,0,0,0,0,9,2,2,1,1,0,0,0,0,0,native_video,2020-11-04 21:24:44
144,CrowdTangle,Social,lespritdujudoakaedj,#ReadyForSport,Facebook,https://www.facebook.com/lespritdujudoakaedj/posts/3280535375402420,,,,,,74,20,4,8,0,0,0,0,0,0,52,12,4,8,3,3,3,1,0,1,native_video,2020-11-04 22:39:29
145,CrowdTangle,Social,SFA.combatsports,#ReadyForSport,Facebook,https://www.facebook.com/SFA.combatsports/posts/3269595036429748,,,,,,1,0,0,0,0,0,0,0,0,0,6,2,1,1,2,1,0,0,0,0,native_video,2020-11-05 16:21:22
146,CrowdTangle,Social,BoutiqueDuCombat,#ReadyForSport,Facebook,https://www.facebook.com/BoutiqueDuCombat/posts/3312077235585037,,,,,,24,0,3,3,0,0,0,0,0,0,27,4,1,5,0,0,0,0,0,1,photo,2020-11-05 16:40:57
147,CrowdTangle,Social,salvador.rgh,#ReadyForSport,Facebook,https://www.facebook.com/salvador.rgh/posts/3476283885790887,,,,,,64,2,2,13,0,0,0,0,0,2,44,2,3,7,2,16,0,0,0,1,photo,2020-11-05 16:50:09
148,CrowdTangle,Social,adidaskarate,#ReadyForSport,Facebook,https://www.facebook.com/adidaskarate/posts/3379300488786604,,,,,,210,26,7,27,0,0,0,0,0,0,71,10,3,10,2,2,1,1,0,1,native_video,2020-11-05 17:10:13
149,CrowdTangle,Social,BoutiqueDuCombat,#ReadyForSport,Facebook,https://www.facebook.com/BoutiqueDuCombat/posts/3312152102244217,,,,,,10,2,0,1,0,2,0,0,0,0,14,4,0,1,0,0,0,0,0,0,native_video,2020-11-05 17:14:40
150,CrowdTangle,Social,INTERSPORT.Deutschland,#ReadyForSport,Facebook,https://www.facebook.com/INTERSPORT.Deutschland/posts/10157235392761503,,,,,,87,13,1,1,0,0,0,0,0,1,54,6,36,2,2,2,1,1,0,2,photo,2020-11-05 17:55:00
151,CrowdTangle,Social,AllForSports.lb,#ReadyForSport,Facebook,https://www.facebook.com/AllForSports.lb/posts/2397137160582412,,,,,,1,0,0,0,0,0,0,0,0,0,3,0,0,0,0,0,0,0,0,0,native_video,2020-11-05 18:37:15
152,CrowdTangle,Social,PulsoRunner,#ReadyForSport,Facebook,https://www.facebook.com/PulsoRunner/posts/3384184808323741,,,,,,4,0,0,1,0,0,0,0,0,0,32,12,3,5,3,8,11,1,0,1,link,2020-11-05 19:57:44
153,CrowdTangle,Social,PulsoRunner,#ReadyForSport,Facebook,https://www.facebook.com/PulsoRunner/posts/3384195668322655,,,,,,11,1,0,0,0,0,0,0,0,0,94,70,12,31,6,51,3,1,0,5,native_video,2020-11-05 20:02:51
154,CrowdTangle,Social,adidas.cs,#ReadyForSport,Facebook,https://www.facebook.com/adidas.cs/posts/10157138008935738,,,,,,10,2,1,0,0,0,0,0,0,0,9,2,2,1,1,0,0,0,0,0,native_video,2020-11-05 22:08:38
155,CrowdTangle,Social,thecleantangerine,#ReadyForSport,Facebook,https://www.facebook.com/thecleantangerine/posts/1814320352039415,,,,,,9,0,0,2,0,0,0,0,0,1,23,4,4,9,1,1,0,0,0,1,photo,2020-11-05 22:11:13
156,CrowdTangle,Social,MercitoGesta,#ReadyForSport,Facebook,https://www.facebook.com/MercitoGesta/posts/10158722689231772,,,,,,1903,8,62,81,10,1,1,0,0,13,152,5,11,14,3,1,1,1,0,3,photo,2020-11-06 14:30:44
157,CrowdTangle,Social,cruzeirooficial,#ReadyForSport,Facebook,https://www.facebook.com/cruzeirooficial/posts/3736138306445450,,,,,,1037,18,41,79,1,3,0,0,0,10,1320,25,113,92,3,8,7,11,0,11,photo,2020-11-06 15:30:00
158,CrowdTangle,Social,adidasbadminton,#ReadyForSport,Facebook,https://www.facebook.com/adidasbadminton/posts/3919704578057921,,,,,,41,1,1,1,0,0,0,0,0,0,10197,4,10,52,26,6,2,1,0,0,photo,2020-11-06 16:27:42
159,CrowdTangle,Social,SFA.combatsports,#ReadyForSport,Facebook,https://www.facebook.com/SFA.combatsports/posts/3272376426151609,,,,,,4,0,0,1,0,0,0,0,0,0,6,2,1,1,2,1,0,0,0,0,native_video,2020-11-06 17:02:03
160,CrowdTangle,Social,globalgolf,#ReadyForSport,Facebook,https://www.facebook.com/globalgolf/posts/10158862377294715,,,,,,3,0,0,0,0,0,0,0,0,0,4,2,3,2,2,2,1,1,0,0,photo,2020-11-06 17:04:32
161,CrowdTangle,Social,BoutiqueDuCombat,#ReadyForSport,Facebook,https://www.facebook.com/BoutiqueDuCombat/posts/3314845838641510,,,,,,35,3,0,5,0,0,0,0,0,0,27,4,1,5,0,0,0,0,0,1,photo,2020-11-06 17:08:42
162,CrowdTangle,Social,AllForSports.lb,#ReadyForSport,Facebook,https://www.facebook.com/AllForSports.lb/posts/2397887133840748,,,,,,3,0,0,0,0,0,0,0,0,0,3,0,0,0,0,0,0,0,0,0,native_video,2020-11-06 17:09:20
163,CrowdTangle,Social,athensauthenticmarathon,#ReadyForSport,Facebook,https://www.facebook.com/athensauthenticmarathon/posts/3518880004871628,,,,,,34,1,3,7,0,1,0,1,0,0,102,6,4,14,4,2,2,1,0,2,photo,2020-11-07 10:13:20
164,CrowdTangle,Social,Bucssupporters1,#ReadyForSport,Facebook,https://www.facebook.com/Bucssupporters1/posts/3377456585702927,,,,,,465,2,89,149,0,2,0,0,0,7,303,10,62,72,4,4,12,5,0,7,status,2020-11-07 10:44:05
165,CrowdTangle,Social,SFA.combatsports,#ReadyForSport,Facebook,https://www.facebook.com/SFA.combatsports/posts/3274345112621407,,,,,,3,0,0,0,0,0,0,0,0,0,6,2,1,1,2,1,0,0,0,0,native_video,2020-11-07 11:37:47
166,CrowdTangle,Social,AllForSports.lb,#ReadyForSport,Facebook,https://www.facebook.com/AllForSports.lb/posts/2398519390444189,,,,,,2,0,0,0,0,0,0,0,0,0,3,0,0,0,0,0,0,0,0,0,native_video,2020-11-07 11:40:32
167,CrowdTangle,Social,thekerwinking,#ReadyForSport,Facebook,https://www.facebook.com/thekerwinking/posts/2776511745903536,,,,,,120,2,2,209,0,0,0,0,0,5,148,5,6,255,2,1,4,1,0,5,photo,2020-11-07 12:58:28
168,CrowdTangle,Social,MercitoGesta,#ReadyForSport,Facebook,https://www.facebook.com/MercitoGesta/posts/10158725271276772,,,,,,509,2,35,39,2,0,0,0,0,1,152,5,11,14,3,1,1,1,0,3,photo,2020-11-07 14:35:04
169,CrowdTangle,Social,jdofficial,#ReadyForSport,Facebook,https://www.facebook.com/jdofficial/posts/10158963933794717,,,,,,46,6,42,3,0,0,0,2,0,0,44,3,32,3,2,3,1,2,0,1,photo,2020-11-07 16:00:44
170,CrowdTangle,Social,kimberlygarcia.marcha,#ReadyForSport,Facebook,https://www.facebook.com/kimberlygarcia.marcha/posts/1909450505861034,,,,,,329,2,20,94,3,2,0,0,0,7,293,4,16,70,2,2,1,1,0,8,photo,2020-11-07 16:21:40
171,CrowdTangle,Social,CSCristal,#ReadyForSport,Facebook,https://www.facebook.com/CSCristal/posts/4881739958504648,,,,,,2165,47,190,381,1,4,0,0,0,21,2117,36,105,268,3,4,7,4,0,22,photo,2020-11-07 17:24:50
172,CrowdTangle,Social,AnasStreetBall,#ReadyForSport,Facebook,https://www.facebook.com/AnasStreetBall/posts/1291849144510434,,,,,,1,0,0,0,0,0,0,0,0,0,1,1,0,1,0,0,0,0,0,0,native_video,2020-11-07 17:45:52
173,CrowdTangle,Social,diegoalvesgol,#ReadyForSport,Facebook,https://www.facebook.com/diegoalvesgol/posts/1420603021482730,,,,,,27238,475,1655,8697,34,35,17,2,0,91,11609,250,316,2952,26,20,32,3,0,57,photo,2020-11-07 19:01:42
174,CrowdTangle,Social,,#ReadyForSport,Facebook,https://www.facebook.com/371296303026905/posts/1796917193798135,,,,,,74,8,0,24,1,0,0,0,0,0,52,8,4,26,1,8,6,5,0,2,photo,2020-11-07 19:06:52
175,CrowdTangle,Social,neutraldutyfree,#ReadyForSport,Facebook,https://www.facebook.com/neutraldutyfree/posts/3587900484590240,,,,,,4,0,0,0,0,0,0,0,0,0,10,3,3,3,2,1,1,1,0,0,native_video,2020-11-07 21:00:00
176,CrowdTangle,Social,SCfemenino,#ReadyForSport,Facebook,https://www.facebook.com/SCfemenino/posts/3503839393032654,,,,,,206,1,0,17,0,0,0,0,0,1,371,6,6,29,2,2,15,2,0,3,photo,2020-11-07 21:02:44
