searchId,Tool,Domain,searchName,startDate,endDate,ave_Newspaper,ave_Blog,ave_Television,totalAVE,readership_Newspaper,readership_Blog,readership_Television,totalReadership,totalMentions,socialFacebookComments,socialFacebookLike,socialFacebookShare,socialFacebookTotal,socialGoogleplus,socialLinkedin,socialPinterest,socialReddit,socialSum,socialTwitter,totalSocialShares
3683268,Cision,PR,#hometeamhero,2020-11-01T00:00:00.000Z,2020-11-01T23:59:59.000Z,0.0,0.0,0.0,0,0.0,0.0,0.0,0.0,0,0,0,0,0,0,0,0,0,0,0,0
3683268,Cision,PR,#hometeamhero,2020-11-02T00:00:00.000Z,2020-11-02T23:59:59.000Z,0.0,0.0,0.0,0,0.0,0.0,0.0,0.0,0,0,0,0,0,0,0,0,0,0,0,0
3683268,Cision,PR,#hometeamhero,2020-11-03T00:00:00.000Z,2020-11-03T23:59:59.000Z,0.0,0.0,0.0,0,0.0,0.0,0.0,0.0,0,0,0,0,0,0,0,0,0,0,0,0
3683268,Cision,PR,#hometeamhero,2020-11-04T00:00:00.000Z,2020-11-04T23:59:59.000Z,0.0,0.0,0.0,0,0.0,0.0,0.0,0.0,0,0,0,0,0,0,0,0,0,0,0,0
3683268,Cision,PR,#hometeamhero,2020-11-05T00:00:00.000Z,2020-11-05T23:59:59.000Z,0.0,0.0,0.0,0,0.0,0.0,0.0,0.0,0,0,0,0,0,0,0,0,0,0,0,0
3683268,Cision,PR,#hometeamhero,2020-11-06T00:00:00.000Z,2020-11-06T23:59:59.000Z,0.0,0.0,0.0,0,0.0,0.0,0.0,0.0,0,0,0,0,0,0,0,0,0,0,0,0
3683268,Cision,PR,#hometeamhero,2020-11-07T00:00:00.000Z,2020-11-07T23:59:59.000Z,0.0,0.0,0.0,0,0.0,0.0,0.0,0.0,0,0,0,0,0,0,0,0,0,0,0,0
3683268,Cision,PR,#hometeamhero,2020-11-08T00:00:00.000Z,2020-11-08T23:59:59.000Z,0.0,0.0,0.0,0,0.0,0.0,0.0,0.0,0,0,0,0,0,0,0,0,0,0,0,0
3683268,Cision,PR,#hometeamhero,2020-11-09T00:00:00.000Z,2020-11-09T23:59:59.000Z,0.0,0.0,0.0,0,0.0,0.0,0.0,0.0,0,0,0,0,0,0,0,0,0,0,0,0
3683268,Cision,PR,#hometeamhero,2020-11-10T00:00:00.000Z,2020-11-10T23:59:59.000Z,0.0,0.0,0.0,0,0.0,0.0,0.0,0.0,0,0,0,0,0,0,0,0,0,0,0,0
