Tool,Domain,searchId,searchName,date,mediaType,mediaOutlet,title,link,url,author,sentiment,adEquivalency,seoImpact,readership,impactScore,shares,socialFacebook,socialGoogleplus,socialTwitter,socialPinterest,socialLinkedin,sessions,pageViews,avgSessionDuration,percentNewSessions,newUsers,bounceRate,pageViewsPerSession,goalCompletions,goalValue,transactionRevenue,country,state,city
Cision,PR,3607569,#hometeamhero,2020-11-02,News,www.runninglife.com.mx,"RETO VIRTUAL DE ADIDAS: LATIN@S READY TO RUN, QUE INSPIRARÁ A LATINOAMÉRICA A CORRER DE NUEVO",http://api.trendkite.com/redir?s=9600001173664838,http://www.runninglife.com.mx/2020/11/02/reto-virtual-de-adidas-latins-ready-to-run-que-inspirara-a-latinoamerica-a-correr-de-nuevo/,running_life,neutral,1.8988,35,1010,low,9,9,0,0,0,0,0,0,0.0,0.0,0,0.0,0.0,0,0.0,0.0,Mexico,,
Cision,PR,3607569,#hometeamhero,2020-11-02,Blog,TendenciasTech | Vlog y Podcast de Tecnología,"Latin@s Ready to Run, el reto virtual de adidas que inspirará a Latinoamérica a correr de nuevo #READYFORSPORT #adidasrunnersmexicocity –",http://api.trendkite.com/redir?s=8600001638121267,https://tendencias.tech/latins-ready-to-run-el-reto-virtual-de-adidas-que-inspirara-a-latinoamerica-a-correr-de-nuevo-readyforsport-adidasrunnersmexicocity/,Berlin Gonzalez,neutral,2.07928,23,1106,low,2,0,0,2,0,0,0,0,0.0,0.0,0,0.0,0.0,0,0.0,0.0,United States,,
Cision,PR,3607569,#hometeamhero,2020-11-03,News,Runners Chile,EL RETO VIRTUAL DE ADIDAS QUE INSPIRARÁ A LATINOAMÉRICA A VOLVER A CORRER,http://api.trendkite.com/redir?s=9500000453472281,https://www.runnerschile.com/blog/2020/11/el-reto-virtual-de-adidas-que-inspirara-a-latinoamerica-a-volver-a-correr/,Por Runners Chile -,positive,1.72584,18,918,low,0,0,0,0,0,0,0,0,0.0,0.0,0,0.0,0.0,0,0.0,0.0,Chile,,
Cision,PR,3607569,#hometeamhero,2020-11-03,News,Atletas Perú | Peru athletes,ADIDAS INSPIRARÁ A LATINOAMÉRICA A CORRER DE NUEVO,http://api.trendkite.com/redir?s=9500000453484361,https://atletasperu.net/deportes/running/adidas-inspirara-a-latinoamerica-a-correr-de-nuevo/,Atletas Perú,positive,0.1034,1,55,low,0,0,0,0,0,0,0,0,0.0,0.0,0,0.0,0.0,0,0.0,0.0,Peru,,
Cision,PR,3607569,#hometeamhero,2020-11-03,News,The Singapore Women's Weekly,Khatib’s New Adventure HQ & 4 Adventure Parks To Check Out Now,http://api.trendkite.com/redir?s=9500000453231985,https://www.womensweekly.com.sg/gallery/entertainment/khatib-new-adventure-hq-best-adventure-parks-singapore/,Michelle Lee,neutral,148.238,41,78850,low,2,2,0,0,0,0,0,0,0.0,0.0,0,0.0,0.0,0,0.0,0.0,Singapore,,
Cision,PR,3607569,#hometeamhero,2020-11-03,News,NaszeMiasto.pl - Sierpc,Grzegorz Krychowiak na Instagramie. Zobacz najnowsze zdjęcia na profilu piłkarza | Sierpc Nasze Miasto,http://api.trendkite.com/redir?s=9600001175372493,https://sierpc.naszemiasto.pl/grzegorz-krychowiak-na-instagramie-zobacz-najnowsze-zdjecia-na-profilu-pilkarza/ar/c11p1-20546707,Diana Tobor,positive,0.94,85,500,low,0,0,0,0,0,0,0,0,0.0,0.0,0,0.0,0.0,0,0.0,0.0,Poland,Mazowieckie,Warszawa
Cision,PR,3607569,#hometeamhero,2020-11-03,News,NaszeMiasto.pl -Poniatowa,Grzegorz Krychowiak na Instagramie. Zobacz najnowsze zdjęcia na profilu piłkarza | Poniatowa Nasze Miasto,http://api.trendkite.com/redir?s=9600001175202626,https://poniatowa.naszemiasto.pl/grzegorz-krychowiak-na-instagramie-zobacz-najnowsze-zdjecia-na-profilu-pilkarza/ar/c11p1-20546707,Diana Tobor,positive,0.5452,85,290,low,0,0,0,0,0,0,0,0,0.0,0.0,0,0.0,0.0,0,0.0,0.0,Poland,Mazowieckie,Warszawa
Cision,PR,3607569,#hometeamhero,2020-11-03,News,Łobez - Naszemiasto.pl,Grzegorz Krychowiak na Instagramie. Zobacz najnowsze zdjęcia na profilu piłkarza | Łobez Nasze Miasto,http://api.trendkite.com/redir?s=9600001175357667,https://lobez.naszemiasto.pl/grzegorz-krychowiak-na-instagramie-zobacz-najnowsze-zdjecia-na-profilu-pilkarza/ar/c11p1-20546707,Diana Tobor,positive,0.7670399999999999,85,408,low,0,0,0,0,0,0,0,0,0.0,0.0,0,0.0,0.0,0,0.0,0.0,Poland,Pomorskie,
Cision,PR,3607569,#hometeamhero,2020-11-03,News,Drezdenko - NaszeMiasto.pl,Grzegorz Krychowiak na Instagramie. Zobacz najnowsze zdjęcia na profilu piłkarza | Drezdenko Nasze Miasto,http://api.trendkite.com/redir?s=9600001175050035,https://drezdenko.naszemiasto.pl/grzegorz-krychowiak-na-instagramie-zobacz-najnowsze-zdjecia-na-profilu-pilkarza/ar/c11p1-20546707,Diana Tobor,positive,0.57904,85,308,low,0,0,0,0,0,0,0,0,0.0,0.0,0,0.0,0.0,0,0.0,0.0,Poland,Lubuskie,Drezdenko-Chyze
Cision,PR,3607569,#hometeamhero,2020-11-03,News,Szczecinek - Naszemiasto.pl,Grzegorz Krychowiak na Instagramie. Zobacz najnowsze zdjęcia na profilu piłkarza | Szczecinek Nasze Miasto,http://api.trendkite.com/redir?s=9600001175233631,https://szczecinek.naszemiasto.pl/grzegorz-krychowiak-na-instagramie-zobacz-najnowsze-zdjecia-na-profilu-pilkarza/ar/c11p1-20546707,Diana Tobor,positive,15.76756,85,8387,low,0,0,0,0,0,0,0,0,0.0,0.0,0,0.0,0.0,0,0.0,0.0,Poland,Pomorskie,
Cision,PR,3607569,#hometeamhero,2020-11-03,News,Naszemiasto.pl - Błonie,Grzegorz Krychowiak na Instagramie. Zobacz najnowsze zdjęcia na profilu piłkarza | Błonie Nasze Miasto,http://api.trendkite.com/redir?s=9600001175240161,https://blonie.naszemiasto.pl/grzegorz-krychowiak-na-instagramie-zobacz-najnowsze-zdjecia-na-profilu-pilkarza/ar/c11p1-20546707,Diana Tobor,positive,0.6674,85,355,low,0,0,0,0,0,0,0,0,0.0,0.0,0,0.0,0.0,0,0.0,0.0,Poland,Mazowieckie,Warszawa
Cision,PR,3607569,#hometeamhero,2020-11-03,News,mmwarszawa.pl,Grzegorz Krychowiak na Instagramie. Zobacz najnowsze zdjęcia na profilu piłkarza | Warszawa Nasze Miasto,http://api.trendkite.com/redir?s=9600001175379004,https://warszawa.naszemiasto.pl/grzegorz-krychowiak-na-instagramie-zobacz-najnowsze-zdjecia-na-profilu-pilkarza/ar/c11p1-20546707,Diana Tobor,positive,1454.24204,85,773533,medium,0,0,0,0,0,0,0,0,0.0,0.0,0,0.0,0.0,0,0.0,0.0,Poland,,
Cision,PR,3607569,#hometeamhero,2020-11-03,News,NaszeMiasto.pl -Legionowo,Grzegorz Krychowiak na Instagramie. Zobacz najnowsze zdjęcia na profilu piłkarza | Legionowo Nasze Miasto,http://api.trendkite.com/redir?s=9600001175191562,https://legionowo.naszemiasto.pl/grzegorz-krychowiak-na-instagramie-zobacz-najnowsze-zdjecia-na-profilu-pilkarza/ar/c11p1-20546707,Diana Tobor,positive,0.34216,85,182,low,0,0,0,0,0,0,0,0,0.0,0.0,0,0.0,0.0,0,0.0,0.0,Poland,Mazowieckie,Warszawa
Cision,PR,3607569,#hometeamhero,2020-11-03,News,NaszeMiasto.pl -Płońsk,Grzegorz Krychowiak na Instagramie. Zobacz najnowsze zdjęcia na profilu piłkarza | Płońsk Nasze Miasto,http://api.trendkite.com/redir?s=9600001175307834,https://plonsk.naszemiasto.pl/grzegorz-krychowiak-na-instagramie-zobacz-najnowsze-zdjecia-na-profilu-pilkarza/ar/c11p1-20546707,Diana Tobor,positive,0.26696,85,142,low,0,0,0,0,0,0,0,0,0.0,0.0,0,0.0,0.0,0,0.0,0.0,Poland,Mazowieckie,Warszawa
Cision,PR,3607569,#hometeamhero,2020-11-03,News,Goleniów - naszemiasto.pl,Grzegorz Krychowiak na Instagramie. Zobacz najnowsze zdjęcia na profilu piłkarza | Goleniów Nasze Miasto,http://api.trendkite.com/redir?s=9600001175104722,https://goleniow.naszemiasto.pl/grzegorz-krychowiak-na-instagramie-zobacz-najnowsze-zdjecia-na-profilu-pilkarza/ar/c11p1-20546707,Diana Tobor,positive,7.426,85,3950,low,0,0,0,0,0,0,0,0,0.0,0.0,0,0.0,0.0,0,0.0,0.0,Poland,Pomorskie,
Cision,PR,3607569,#hometeamhero,2020-11-03,News,NaszeMiasto.pl -Ostrołęka/Ostroleka,Grzegorz Krychowiak na Instagramie. Zobacz najnowsze zdjęcia na profilu piłkarza | Ostrołęka Nasze Miasto,http://api.trendkite.com/redir?s=9600001175228085,https://ostroleka.naszemiasto.pl/grzegorz-krychowiak-na-instagramie-zobacz-najnowsze-zdjecia-na-profilu-pilkarza/ar/c11p1-20546707,Diana Tobor,positive,0.23688,85,126,low,0,0,0,0,0,0,0,0,0.0,0.0,0,0.0,0.0,0,0.0,0.0,Poland,Mazowieckie,Warszawa
Cision,PR,3607569,#hometeamhero,2020-11-04,News,LatinOL.com,El reto virtual de Adidas que inspirará a Latinoamérica a correr de nuevo,http://api.trendkite.com/redir?s=1134572843984,https://en.latinol.com/91615,Rodrigo Barsallo,neutral,0.94,41,500,low,0,0,0,0,0,0,0,0,0.0,0.0,0,0.0,0.0,0,0.0,0.0,Panama,,
Cision,PR,3607569,#hometeamhero,2020-11-04,News,www.clubmagazine.cl,El reto virtual de adidas que inspirará a Latinoamérica a volver a correr,http://api.trendkite.com/redir?s=9500000453841702,https://www.clubmagazine.cl/el-reto-virtual-de-adidas-que-inspirara-a-latinoamerica-a-volver-a-correr/?utm_source=rss&utm_medium=rss&utm_campaign=el-reto-virtual-de-adidas-que-inspirara-a-latinoamerica-a-volver-a-correr,clubmagazine,positive,0.72756,15,387,low,0,0,0,0,0,0,0,0,0.0,0.0,0,0.0,0.0,0,0.0,0.0,Chile,,
Cision,PR,3607569,#hometeamhero,2020-11-04,News,JC Magazine,adidas anuncia su reto virtual Latin@s Ready To Run,http://api.trendkite.com/redir?s=9500000453857540,https://jcmagazine.com/adidas-anuncia-su-reto-virtual-latins-ready-to-run/,Jim Cueva,positive,10.18772,42,5419,low,0,0,0,0,0,0,0,0,0.0,0.0,0,0.0,0.0,0,0.0,0.0,Argentina,,
Cision,PR,3607569,#hometeamhero,2020-11-04,News,LatamNoticias,"Ready to Run, el desafío virtual para runners latin@s",http://api.trendkite.com/redir?s=8600001640444998,https://latamnoticias.com/ready-to-run/,Pablo Casabona,positive,3.43664,34,1828,low,1,1,0,0,0,0,0,0,0.0,0.0,0,0.0,0.0,0,0.0,0.0,Argentina,,
Cision,PR,3607569,#hometeamhero,2020-11-05,News,Estadão.com.br,Adidas promove desafio virtual em sete países da América Latina,http://api.trendkite.com/redir?s=1134965760750,https://esportes.estadao.com.br/blogs/corrida-para-todos/adidas-promove-desafio-virtual-em-sete-paises-da-america-latina/,,positive,401.08484,93,213343,low,4,0,0,4,0,0,0,0,0.0,0.0,0,0.0,0.0,0,0.0,0.0,Brazil,,
Cision,PR,3607569,#hometeamhero,2020-11-05,News,www.maniadecorrida.com.br,adidas promove corrida virtual em toda a America Latina,http://api.trendkite.com/redir?s=8600001641429926,https://www.maniadecorrida.com.br/2020/11/adidas-promove-corrida-virtual-em-toda.html,Marcel Agarie (noreply@blogger.com),positive,0.21808,27,116,medium,43,43,0,0,0,0,0,0,0.0,0.0,0,0.0,0.0,0,0.0,0.0,Brazil,,
Cision,PR,3607569,#hometeamhero,2020-11-06,News,Mundo Marketing | World Marketing,adidas propone un reto virtual y solidario para incentivar a los latinoamericanos a correr nuevamente,http://api.trendkite.com/redir?s=9500000454557176,https://www.mundomarketing.com/adidas-propone-un-reto-virtual-y-solidario-para-incentivar-a-los-latinoamericanos-a-correr-nuevamente/,mundomktg,positive,7.16844,36,3813,low,0,0,0,0,0,0,0,0,0.0,0.0,0,0.0,0.0,0,0.0,0.0,Uruguay,Montevideo,
Cision,PR,3607569,#hometeamhero,2020-11-06,News,NetUruguay,adidas propone un reto virtual y solidario para incentivar a los latinoamericanos a correr nuevamente,http://api.trendkite.com/redir?s=9500000454704109,https://neturuguay.com/2020/11/06/adidas-propone-un-reto-virtual-y-solidario-para-incentivar-a-los-latinoamericanos-a-correr-nuevamente/,neturuguay,positive,2.39888,30,1276,low,0,0,0,0,0,0,0,0,0.0,0.0,0,0.0,0.0,0,0.0,0.0,Uruguay,Montevideo,
Cision,PR,3607569,#hometeamhero,2020-11-06,News,Virgin Radio Dubai,This Dubai resident is running 45km every day,http://api.trendkite.com/redir?s=9600001176984669,https://www.virginradiodubai.com/trending/updates/feelgood/post/this-dubai-resident-is-running-45km-every-day/,,positive,17.664479999999994,42,9396,low,0,0,0,0,0,0,0,0,0.0,0.0,0,0.0,0.0,0,0.0,0.0,United Arab Emirates,Dubayy [Dubai],Dubai
Cision,PR,3607569,#hometeamhero,2020-11-06,News,kronos365.com,LATIN@S READY TO RUN: RETO VIRTUAL DE ADIDAS PARA CORRER DE NUEVO,http://api.trendkite.com/redir?s=8600001642371527,https://kronos365.com/latins-ready-to-run-reto-virtual-de-adidas-para-correr-de-nuevo/,Elvis Florentini,positive,10.87016,27,5782,low,0,0,0,0,0,0,0,0,0.0,0.0,0,0.0,0.0,0,0.0,0.0,Peru,Lima,
Cision,PR,3607569,#hometeamhero,2020-11-06,News,www.dondeir.com,Latinos Ready To Run: Adidas y su reto digital para correr en CDMX,http://api.trendkite.com/redir?s=8600001642583807,https://www.dondeir.com/ciudad/latinos-ready-to-run-adidas-y-su-reto-digital-para-correr-en-cdmx/2020/11/,Donde_Ir,positive,437.63392000000016,59,232784,low,0,0,0,0,0,0,0,0,0.0,0.0,0,0.0,0.0,0,0.0,0.0,Mexico,,
Cision,PR,3607569,#hometeamhero,2020-11-06,broadcast,WCTV (CBS),Eyewitness News at 11:00,http://api.trendkite.com/redir?s=150000969080737,,WCTV,neutral,435.664,0,19249,low,0,0,0,0,0,0,0,0,0.0,0.0,0,0.0,0.0,0,0.0,0.0,United States,Florida,Thomasville
Cision,PR,3607569,#hometeamhero,2020-11-07,broadcast,WCTV (CBS),Good Morning Show Weekend Edition,http://api.trendkite.com/redir?s=150000969305761,,WCTV,neutral,61.71,0,7290,low,0,0,0,0,0,0,0,0,0.0,0.0,0,0.0,0.0,0,0.0,0.0,United States,Florida,Thomasville
Cision,PR,3607569,#hometeamhero,11/09/20,News,Infomarketing,Latin@s Ready to Run: El reto virtual de adidas que inspirará a latinoamérica a correr de nuevo,http://api.trendkite.com/redir?s=8600001645469064,https://www.infomarketing.pe/marketing/noticias/latins-ready-to-run-el-reto-virtual-de-adidas-que-inspirara-a-latinoamerica-a-correr-de-nuevo/,Redactor Web,positive,21.15188,33,11251,low,0,0,0,0,0,0,0,0,0.0,0.0,0,0.0,0.0,0,0.0,0.0,Peru,Lima,
Cision,PR,3607569,#hometeamhero,11/10/20,News,toquedemujer.com,"Latin@s ready to run, el reto virtual de adidas que inspirará a latinoamérica a correr de nuevo",http://api.trendkite.com/redir?s=8600001648993863,https://toquedemujer.com/trendy/latins-ready-to-run-el-reto-virtual-de-adidas-que-inspirara-a-latinoamerica-a-correr-de-nuevo,Toque de mujer,neutral,1.44196,33,767,low,2,0,0,2,0,0,0,0,0.0,0.0,0,0.0,0.0,0,0.0,0.0,Chile,,
Cision,PR,3607569,#hometeamhero,11/11/20,News,webrun,Latin@s Ready to Run: Adidas promove corrida virtual em toda a América,http://api.trendkite.com/redir?s=8600001647316548,https://www.webrun.com.br/latins-ready-to-run-adidas-corrida-virtual-america/,Redação Webrun,positive,107.1224,58,56980,low,5,5,0,0,0,0,0,0,0.0,0.0,0,0.0,0.0,0,0.0,0.0,Brazil,São Paulo,Sao Paulo
Cision,PR,3607569,#hometeamhero,11/11/20,News,Shape.gr,"Οι adidas Runners Athens είναι έτοιμοι για τον virtual αγώνα, σε κάθε συνθήκη!",http://api.trendkite.com/redir?s=1137114750948,https://www.shape.gr/fitness/news-fitness/oi-adidas-runners-athens-einai-etoimoi-gia-ton-virtual-agona-se-kathe-synthiki/,Γράφει: Ξένη Δημοσίευση,neutral,238.23548,49,126721,low,7,7,0,0,0,0,0,0,0.0,0.0,0,0.0,0.0,0,0.0,0.0,Greece,,
Cision,PR,3607569,#hometeamhero,11/11/20,News,Vita.gr,Οι adidas Runners ξέρουν πώς πρέπει να προετοιμαστούμε για τον virtual Μαραθώνιο,http://api.trendkite.com/redir?s=1137104458107,https://www.vita.gr/2020/11/11/protaseis/oi-adidas-runners-kseroun-pos-prepei-na-proetoimastoume-gia-ton-virtual-marathonio/,,neutral,244.2402,43,129915,low,2,1,0,1,0,0,0,0,0.0,0.0,0,0.0,0.0,0,0.0,0.0,Greece,,
Cision,PR,3607569,#hometeamhero,11/11/20,News,Newsbeast,"Οι adidas Runners Athens είναι έτοιμοι για τον virtual Μαραθώνιο, σε κάθε συνθήκη",http://api.trendkite.com/redir?s=1137158634782,https://www.newsbeast.gr/greece/arthro/6815462/oi-adidas-runners-athens-einai-etoimoi-gia-ton-virtual-marathonio-se-kathe-synthiki,,neutral,1156.27144,77,615038,medium,0,0,0,0,0,0,0,0,0.0,0.0,0,0.0,0.0,0,0.0,0.0,Greece,,
Cision,PR,3607569,#hometeamhero,11/12/20,News,العربي الجديد | The New Arab,"الاتحاد الجزائري يكشف قميص ""محاربي الصحراء"" الجديد",http://api.trendkite.com/redir?s=9500000456646462,https://www.alaraby.co.uk/sport/%D8%A7%D9%84%D8%A7%D8%AA%D8%AD%D8%A7%D8%AF-%D8%A7%D9%84%D8%AC%D8%B2%D8%A7%D8%A6%D8%B1%D9%8A-%D9%8A%D9%83%D8%B4%D9%81-%D9%82%D9%85%D9%8A%D8%B5-%22%D9%85%D8%AD%D8%A7%D8%B1%D8%A8%D9%8A-%D8%A7%D9%84%D8%B5%D8%AD%D8%B1%D8%A7%D8%A1%22-%D8%A7%D9%84%D8%AC%D8%AF%D9%8A%D8%AF,أشرف شكري,positive,696.91036,81,370697,medium,0,0,0,0,0,0,0,0,0.0,0.0,0,0.0,0.0,0,0.0,0.0,United Kingdom,"London, City of",London
Cision,PR,3607569,#hometeamhero,11/12/20,News,Athens Voice,Οι adidas Runners Athens είναι έτοιμοι για τον virtual Μαραθώνιο | Athens Voice,http://api.trendkite.com/redir?s=9600001184811110,https://www.athensvoice.gr/advertorial/market/690254_oi-adidas-runners-athens-einai-etoimoi-gia-ton-virtual-marathonio,Market News,neutral,537.35664,70,285828,low,0,0,0,0,0,0,0,0,0.0,0.0,0,0.0,0.0,0,0.0,0.0,Greece,,
Cision,PR,3607569,#hometeamhero,11/12/20,News,www.dzfoot.com,EN : Le nouveau maillot contre le Zimbabwe,http://api.trendkite.com/redir?s=1137541763596,http://www.dzfoot.com/2020/11/12/en-le-nouveau-maillot-contre-le-zimbabwe-191962.php,M-A D,neutral,79.11228,57,42081,low,0,0,0,0,0,0,0,0,0.0,0.0,0,0.0,0.0,0,0.0,0.0,France,,
Cision,PR,3607569,#hometeamhero,11/12/20,News,www.footpack.fr,adidas présente les maillots 2020-2021 de l’Algérie,http://api.trendkite.com/redir?s=8600001648575665,https://www.footpack.fr/145427-adidas-presente-les-maillots-2020-2021-de-algerie,,positive,46.03932,50,24489,medium,23,23,0,0,0,0,0,0,0.0,0.0,0,0.0,0.0,0,0.0,0.0,United States,,
Cision,PR,3607569,#hometeamhero,11/12/20,Blog,Kabylie News – Observ'Algérie,Équipe d’Algérie: Le nouveau maillot des Verts dévoilé (Images),http://api.trendkite.com/redir?s=8600001648567080,https://www.observalgerie.com/equipe-dalgerie-le-nouveau-maillot-des-verts-devoile-images/2020/,Maacha H.,positive,112.53304,53,59858,low,0,0,0,0,0,0,0,0,0.0,0.0,0,0.0,0.0,0,0.0,0.0,Germany,,
Cision,PR,3607569,#hometeamhero,11/12/20,News,Foot Mercato.net,L'Algérie dévoile son nouveau maillot domicile pour 2021,http://api.trendkite.com/redir?s=1137603227260,http://www.footmercato.net/a4212840843751860033-lalgerie-devoile-son-nouveau-maillot-domicile-pour-2021,La Rédaction FM,positive,1708.84668,74,908961,medium,8,0,0,8,0,0,0,0,0.0,0.0,0,0.0,0.0,0,0.0,0.0,Belgium,,
