,Tool,Domain,date,mediaType,mediaOutlet,title,link,url,author,sentiment,adEquivalency,seoImpact,readership,impactScore,shares,socialFacebook,socialGoogleplus,socialTwitter,socialPinterest,socialLinkedin,sessions,pageViews,avgSessionDuration,percentNewSessions,newUsers,bounceRate,pageViewsPerSession,goalCompletions,goalValue,transactionRevenue,country,state,city
0,Cision,PR,08/18/20,News,HORIZONT | HORIZON,"""The Anthem"": Adidas bringt die ""Ready for Sport""-Kampagne zum emotionalen Höhepunkt",http://api.trendkite.com/redir?s=1105944635595,https://www.horizont.net/marketing/nachrichten/the-anthem-adidas-bringt-die-ready-for-sport-kampagne-zum-emotionalen-hoehepunkt-185080,Ingo Rentz,neutral,357.247,72,190025,low,0,0,0,0,0,0,0,0,0.0,0.0,0,0.0,0.0,0,0.0,0.0,Germany,Hessen,Frankfurt am Main
1,Cision,PR,09/07/20,News,MediaBrief,Adidas announces the launch of ‘5k Virtual Race’ in India,http://api.trendkite.com/redir?s=9600001114347977,https://www.mediabrief.com/adidas-5k-virtual-race/,The News Desk,positive,6.59504,55,3508,low,0,0,0,0,0,0,0,0,0.0,0.0,0,0.0,0.0,0,0.0,0.0,India,Maharashtra,Mumbai (ex Bombay)
2,Cision,PR,09/07/20,News,Agency Reporter,Adidas announces first-of-its-kind virtual race in India to inspire runners to keep moving - Agency Reporter,http://api.trendkite.com/redir?s=8600001580610653,https://www.agencyreporter.com/adidas-virtual-race/,Editorial Desk,positive,5.65128,18,3006,low,1,0,0,1,0,0,0,0,0.0,0.0,0,0.0,0.0,0,0.0,0.0,India,Uttar Pradesh,Greater Nodia
3,Cision,PR,09/07/20,NewsLicensed,SportzPower,adidas announces 5k Virtual Race as COVID stalls running events,http://api.trendkite.com/redir?s=1113043611009,http://metabase.moreover.com/noarticleurl?type=psh&lni=60SM-R1C1-DXMP-K0R7-00000-00,SportzPower Team,positive,0.73508,23,391,low,0,0,0,0,0,0,0,0,0.0,0.0,0,0.0,0.0,0,0.0,0.0,India,,
4,Cision,PR,09/08/20,NewsLicensed,Business World,adidas announces 5K Virtual Race in India to Inspire Runners to Keep Moving,http://api.trendkite.com/redir?s=1113703408134,http://metabase.moreover.com/noarticleurl?type=psh&lni=60T1-HC31-DXMP-K05F-00000-00,EE News Desk,positive,0.18612,23,99,low,0,0,0,0,0,0,0,0,0.0,0.0,0,0.0,0.0,0,0.0,0.0,India,,
5,Cision,PR,09/08/20,News,Everything Experiential,adidas announces 5K Virtual Race in India to Inspire Runners to Keep Moving,http://api.trendkite.com/redir?s=8600001580549801,http://everythingexperiential.businessworld.in/article/adidas-announces-5K-Virtual-Race-in-India-to-Inspire-Runners-to-Keep-Moving/08-09-2020-318087,EE News Desk,positive,20.10096,70,10692,low,0,0,0,0,0,0,0,0,0.0,0.0,0,0.0,0.0,0,0.0,0.0,India,,
6,Cision,PR,09/09/20,NewsLicensed,Best Media Info,adidas announces 5k Virtual Race in India to inspire runners to keep moving,http://api.trendkite.com/redir?s=1113720172265,http://metabase.moreover.com/noarticleurl?type=psh&lni=60T1-HC31-DXMP-K045-00000-00,BestMediaInfo Bureau,positive,83.53404,71,44433,low,0,0,0,0,0,0,0,0,0.0,0.0,0,0.0,0.0,0,0.0,0.0,India,,
7,Cision,PR,09/10/20,News,India Today,Major sports brand announces 5K virtual race to inspire runners to keep moving amid coronavirus outbreak,http://api.trendkite.com/redir?s=1114144788866,https://www.indiatoday.in/sports/other-sports/story/major-sports-brand-announces-5k-virtual-race-to-inspire-runners-to-keep-moving-amid-coronavirus-outbreak-1720559-2020-09-10,Follow 5k Virtual Race,positive,6339.85444,90,3372263,medium,0,0,0,0,0,0,0,0,0.0,0.0,0,0.0,0.0,0,0.0,0.0,India,Delhi,New Delhi
8,Cision,PR,09/22/20,News,ReklaMaster.com,Clean Classics: Adidas Originals перевидає знакові силуети з метою зменшення пластикових відходів,http://api.trendkite.com/redir?s=1118651703426,https://creativity.ua/marketing-and-advertising/clean-classics-adidas-originals-perevidaye-znakovi-silueti-z-metoyu-zmenshennya-plastikovih-vidhodiv/,Вересня,positive,8.98828,36,4781,low,0,0,0,0,0,0,0,0,0.0,0.0,0,0.0,0.0,0,0.0,0.0,Ukraine,,
9,Cision,PR,10/19/20,News,Transform magazine,Transform magazine: People and purpose: how brands can navigate the post-Covid-19 world - 2020 - Articles,http://api.trendkite.com/redir?s=9600001158959629,https://www.transformmagazine.net/articles/2020/people-and-purpose-how-brands-can-navigate-the-post-covid-19-world/,Elettra Scrivo,neutral,4.71128,42,2506,low,0,0,0,0,0,0,0,0,0.0,0.0,0,0.0,0.0,0,0.0,0.0,United Kingdom,,London
10,Cision,PR,10/21/20,News,leanypiensen.com,Duelo de apps para correr: Adidas vs Nike. ¿Cuál elegir?,http://api.trendkite.com/redir?s=1129235947869,https://leanypiensen.com/2020/10/21/duelo-de-apps-para-correr-adidas-vs-nike-cual-elegir/,leanypiensen,neutral,2.76736,16,1472,low,1,0,0,1,0,0,0,0,0.0,0.0,0,0.0,0.0,0,0.0,0.0,United States,,
