id,title,taxonomy
4063737,2020 Inflight Pack,Custom
4186772,FW20 - aSMC_New,Custom
4056738,SS20 - aSMC,Custom
4063793,2020 - Mutator Pack - Y,Custom
4063792,2020 - Mutator Pack- Y,Custom
4063780,2020 Hardwired),Custom
4044411,2020 - adidas football - jersey analysis,Custom
4048640,2019 - adidas Football - JERSEY,Custom
4048642,2019 - adidas football - jersey HOME,Custom
4044412,2020 - adidas football - jersey analysis,Custom
3967249,US Open 2020,Custom
3967243,Prague Marathon,Custom
3947985,Dani - Japan Federation,Custom
3947937,Dani - Russia Federation,Custom
3947934,Dani - Mexico federation,Custom
3947932,Dani - Argentia Federation,Custom
3942620,Dani - Leroy Sane,Custom
3942656,Dani - Kingsley Coman,Custom
3942659,Dani - Paulo Dybala,Custom
3942661,Dani - Roberto Firmino,Custom
3942664,Dani - Romelu Lukaku,Custom
3943140,Dani - Colombia,Custom
3942657,Dani - Serge Gnabry,Custom
3947745,2020 - adidasTERREX - YTD,Custom
3937707,Nike Vaporfly,Custom
3548622,adidasGMR,Custom
3879313,2020 - adidas Community Growth Analysis,Custom
3824382,2020 - adidas Football - XGhosted FW20,Custom
3736172,AdidasAdiZeroPro FW20,Custom
3683268,#hometeamhero,Custom
2644054,danny,Custom
2641115,adidas Outdoor - Danny MacAskill,Custom
2602454,terrex genera,Custom
2418712,FH,Custom
2418710,Terrex free hiker,Product
2412993,FH,Custom
2412990,FH,Custom
2412985,Free Hiker,Custom
2323284,Kith FH,Custom
1984384,adidas Rockstars,Custom
1965952,terrex livestock,Custom
1864042,adidas terrex,Custom
1855739,kanye terrex,Custom
