,Type,Topic_Id,Topic_title
0,LIST,39128,Athletic Brands
1,LIST,131129,#NRHO - 2019 - ADIDAS INSTAGRAM ALL ACCOUNTS
2,SAVED_SEARCH,131133,Adidas Mentions
3,SAVED_SEARCH,131134,Adidas (Mentions within sports)
4,SAVED_SEARCH,131135,New York Fashion Week
5,SAVED_SEARCH,131136,Speed Factory
6,SAVED_SEARCH,131137,Speed Factory + Adidas
7,SAVED_SEARCH,131381,Berlin Fashion Week
8,SAVED_SEARCH,133782,Yeezy
9,SAVED_SEARCH,133786,adidas x parley
10,SAVED_SEARCH,134092,Milan Fashion Week
11,SAVED_SEARCH,134095,London Fashion Week
12,SAVED_SEARCH,134662,adidasoriginalsxaw
13,SAVED_SEARCH,135276,nmd
14,SAVED_SEARCH,135604,Paris Fashion Week
15,SAVED_SEARCH,136162,palace skateboards
16,SAVED_SEARCH,137888,wings + horns
17,SAVED_SEARCH,139387,Mastermind
18,SAVED_SEARCH,139805,spezial
19,SAVED_SEARCH,140068,DBC Social OnePager
20,SAVED_SEARCH,140070,#yeezyseason4
21,SAVED_SEARCH,144532,#climaheat
22,SAVED_SEARCH,160322,ace17
23,SAVED_SEARCH,163274,Sneaker Exchange Dinner
24,SAVED_SEARCH,163734,#neverfollow
25,SAVED_SEARCH,164848,EQT
26,SAVED_SEARCH,164867,#ORIGINALis
27,SAVED_SEARCH,172289,Franchise Analytics Social Mappings
28,SAVED_SEARCH,174017,Grammy
29,SAVED_SEARCH,176618,#glitch17
30,SAVED_SEARCH,183548,LS - Mini Rodini
31,SAVED_SEARCH,189027,Lisa and Tim's Search
32,SAVED_SEARCH,220195,#climachill
33,SAVED_SEARCH,226036,#heretocreate
34,SAVED_SEARCH,226038,#ultraboostx
35,LIST,250030,NRHO - 2019 Women PR Social
36,LIST,250032,NRHO - 2019 Running PR Social
37,LIST,250033,NRHO - HZO-NR-Football PR Social
38,LIST,250512,NRHO - HZO-NR-Brand PR Social
39,SAVED_SEARCH,254257,NRHO-HZO Newsroom - adidas Brand (PR)
40,SAVED_SEARCH,254258,nike
41,SAVED_SEARCH,254261,NRHO - HZO Newsroom - adidas Originals (PR)
42,SAVED_SEARCH,254262,NRHO - HZO Newsroom - adidas Women (PR)
43,SAVED_SEARCH,254263,NRHO - HZO Newsroom - Nike Running (PR)
44,LIST,254325,NRHO- HZO-NR-Originals PR Social
45,SAVED_SEARCH,260830,NRHO - HZO Newsroom - adidas Running (PR)
46,SAVED_SEARCH,269876,BOOST Boston Training
47,SAVED_SEARCH,271950,NRHO - HZO-Newsroom - adidas Football (PR)
48,SAVED_SEARCH,271956,NRHO - HZO Newsroom - Nike Football (PR)
49,SAVED_SEARCH,271959,NRHO - HZO Newsroom - Nike Sportswear (PR)
50,SAVED_SEARCH,271961,NRHO - HZO Newsroom - Nike Women (PR)
51,SAVED_SEARCH,271962,NRHO - HZO Newsroom - Nike Brand (PR)
52,LIST,504395,NRHO - 2019 Seeding
53,SAVED_SEARCH,505956,NRHO - 2019 Seeding_products
54,LIST,523184,NRHO - 2019 ZNE Reversible
55,LIST,524830,NRHO - 2019 Assets 2018 - Women
56,SAVED_SEARCH,525068,NRHO - 2019 Assets 2018 - Women- Search
57,SAVED_SEARCH,529285,"#NeverDone,#aSMC,#adidasStellaSport,#HereToCreate,#NeverDone,#adidasParley,#RunForTheOceans,#InternationalYogaDay,#UltraBoostX,adidas by Stella,adidaswomen,adidas women,adidas"
58,SAVED_SEARCH,533436,@hypebeast
59,LIST,538984,NRHO -2019 Under Armour IG Accounts
60,SAVED_SEARCH,543619,ZNE
61,SAVED_SEARCH,560214,#HereToCreate Tessa
62,SAVED_SEARCH,591301,#futurecraft
63,LIST,597103,Female Athletes
64,SAVED_SEARCH,621521,#water
65,LIST,656765,NRHO - Women_Assets_2018
66,SAVED_SEARCH,731634,NRHO - Sports18
67,SAVED_SEARCH,759038,adidas
68,SAVED_SEARCH,759039,adidas
69,SAVED_SEARCH,766055,#nikeboxmsk
70,LIST,800308,NRHO - 2019 Born Ready_assets
71,LIST,820125,NRHO - 2019 ZNE Athletes List
72,SAVED_SEARCH,820135,NRHO - 2019 ZNE_Athletes
73,LIST,834416,NRHO - 2019 Codec Asset List
74,SAVED_SEARCH,834420,NRHO - 2019 Codec Asset List arpit adidas
75,LIST,845620,NRHO - 2019 Local adidas accounts
76,SAVED_SEARCH,845721,NRHO - 2019 Ready-To-Go Market accounts search
77,LIST,858644,NRHO - 2019 Pulse Campaign ZNE
78,SAVED_SEARCH,858646,NRHO - 2019 PULSE campaign ZNE
79,LIST,863679,NRHO - 2019 Pulse ZNE Asset List
80,SAVED_SEARCH,877153,NRHO - 2019 ZNE Reversible search
81,SAVED_SEARCH,880477,#adidasterrex OR #livewithoutlimits
82,SAVED_SEARCH,880478,#brandofthebrave OR #fiveten
83,LIST,882413,NRHO - 2019 Ready-To-Go Global Assets
84,LIST,882417,NRHO-2019 Ready-To-Go Influencers
85,LIST,882446,NRHO-2019 Ready-To-Go Launch Event Attendees
86,SAVED_SEARCH,884815,NRHO - 2019 Ready-To-Go Global Assets
87,LIST,887501,NRHO - 2019 Ready-To-Go PR Accounts
88,SAVED_SEARCH,887677,NRHO - 2019 Ready To Go PR Accounts search
89,SAVED_SEARCH,887678,NRHO - 2019 Ready To Go Influencers
90,SAVED_SEARCH,887679,NRHO - 2019 Ready To Go Rest of the influencers
91,SAVED_SEARCH,889621,NRHO - 2019 Ready To Go NYC Launch Event 2018
92,SAVED_SEARCH,889658,NRHO - 2019 Ready To Go Brand Accounts search
93,SAVED_SEARCH,904017,NRHO - 2019 Ready-To-Go London Launch Event Attendees
94,LIST,946495,NRHO - 2019 Adidas Women Creator Network
95,SAVED_SEARCH,946585,NRHO - 2019 Adidas Women Creator Network
96,LIST,956457,NRHO - 2019 Adidas WND
97,SAVED_SEARCH,956459,NRHO - 2019 Athletics - Adidas WND
98,SAVED_SEARCH,973431,NRHO - 2018 End year recap
99,LIST,974276,NRHO - 2018 Assets - Consolidated List
100,SAVED_SEARCH,974370,NRHO - 2019 - Consolidated Asset list Search_do not delete
101,LIST,980011,#NRHO - 2019 - NIKE ALL INSTAGRAM ACCOUNTS
102,SAVED_SEARCH,1008955,NRHO - 2018 Asset Data
103,LIST,1009611,NRHO - 2018 creators adidas women
104,SAVED_SEARCH,1031391,NRHO - 2019 FIFA WOMEN'S WORLD CUP 2019
105,LIST,1039450,NRHO - 2019 Breaking Barriers
106,LIST,1039452,NRHO - 2019 Breaking Barriers Trade Partners & NCAA
107,LIST,1039471,NRHO - 2019 Breaking Barriers SPOMA assets
108,SAVED_SEARCH,1039479,NRHO - 2019 Breaking Barriers
109,SAVED_SEARCH,1040900,ultraboost
110,SAVED_SEARCH,1042238,NRHO - 2019 Breaking Barriers Adidas local & global
111,SAVED_SEARCH,1046545,NRHO - 2019 core SS19
112,LIST,1088610,NRHO_2019_Football_Assets_Consolidated
113,LIST,1105130,NRHO - Assets 2019 -Originals
114,LIST,1105131,NRHO - 2019 Asset Consolidated List
115,LIST,1105179,NRHO_2019 Global Icon List - Adidas
116,LIST,1140616,NRHO - 2019 Official Media Partners
117,SAVED_SEARCH,1156056,#WWC  2019_adidas Accounts
118,SAVED_SEARCH,1156072,#WWC  2019_Nike Accounts
119,SAVED_SEARCH,1186628,#покажитриполоски
120,SAVED_SEARCH,1210640,Adidas FIFAWWC 2019
121,LIST,1214263,#NRHO 2020 Consolidated Asset List
122,SAVED_SEARCH,1218131,NRHO 2019 Football Search
123,SAVED_SEARCH,1219308,NRHO 2018 half yearly search
124,SAVED_SEARCH,1222984,2019 global icons search
125,LIST,1226634,NRHO_2019 Global Icon List - Nike
126,SAVED_SEARCH,1229657,adidas.com
127,SAVED_SEARCH,1229967,Mikaela Shiffrin_PR
128,SAVED_SEARCH,1231451,Mikaelashiffrin announcement
129,SAVED_SEARCH,1243339,EA Sports
130,LIST,1250000,2019 SAT adidas Accounts List
131,SAVED_SEARCH,1267678,ranveersingh #adidas
132,SAVED_SEARCH,1304954,#allblacks
133,SAVED_SEARCH,1306427,11/19/2019 - Pulseboost HD
134,SAVED_SEARCH,1338267,Ultraboost
135,LIST,1354082,2020 Newsroom Asset List 04-March-2020
136,SAVED_SEARCH,1357006,#adidasGMR
137,SAVED_SEARCH,1362753,adidas AND covid19
138,SAVED_SEARCH,1362754,adidas AND covid19
139,SAVED_SEARCH,1367756,adidas - #HomeTeam
140,SAVED_SEARCH,1367757,nike_#playinside
141,LIST,1371940,#01 adidas AP Global List - 2020
142,SAVED_SEARCH,1372393,"#hometeam, #HOMETEAM"
143,SAVED_SEARCH,1372394,#hometeam - owned accounts
144,SAVED_SEARCH,1373952,#livingroomcup
145,SAVED_SEARCH,1374395,nike_#playinside_ONLY
146,SAVED_SEARCH,1374396,nike_#youcantstopus_ONLY
147,SAVED_SEARCH,1374398,nike_#playfortheworld_ONLY
148,SAVED_SEARCH,1374400,nike_#livingroomcup_ONLY
149,SAVED_SEARCH,1375684,#sustainability
150,LIST,1378831,#01 Quick check
151,LIST,1380019,#01 Nike AP Global List - 2020
152,LIST,1385185,Converse AP Global List - 2020
153,LIST,1385496,Arc'teryx AP Global List - 2020
154,LIST,1385588,#01 Official Retail Partner List 2020
155,LIST,1385594,#01 adidas Brand accounts 2020
156,LIST,1389636,2020 AP adidas - Specialist sports
157,LIST,1391953,2020 Global Icons - Adidas
158,LIST,1391954,2020 Global Icons - Nike
159,LIST,1396802,#01 A GSM ATT
160,SAVED_SEARCH,1399020,2020 - Nike - Consolidated Search
161,SAVED_SEARCH,1400682,Adidas Face Masks
162,SAVED_SEARCH,1404166,Testli
163,LIST,1415654,#01 AR Coaches and Captains 2020
164,SAVED_SEARCH,1416869,01 adidas Partners data 2020
165,SAVED_SEARCH,1417319,#hometeam
166,SAVED_SEARCH,1418147,#01 RFS - AP 2020
167,LIST,1419685,#01 AR Community Handles
168,LIST,1427769,pharell
169,SAVED_SEARCH,1434103,#Readyforsport
170,SAVED_SEARCH,1434108,#01 RFS Partner - Anthem film support
171,SAVED_SEARCH,1434508,"#zx2k, zx2k boost, #zx2kboost, zx 2kboost, #adidaszx2kboost, zx boost, zxboost, #zxboost, #adidaszxboost, zx 2k boost,zx boost,zx2k,2kboost,#adidaszx"
172,LIST,1435888,2020 - RFS Anthem Film
173,LIST,1437729,Test list - CT
174,SAVED_SEARCH,1452493,#AllBirds x Adidas
175,SAVED_SEARCH,1454476,#8-Bit
176,LIST,1457574,Adidas Brand Global
177,SAVED_SEARCH,1459156,"futurecraft, futurecraft.strung, FUTURECRAFT.STRUNG, #FUTURECRAFT, #strung, ""coded"""
178,SAVED_SEARCH,1459157,"futurecraft, futurecraft.strung, FUTURECRAFT.STRUNG, #FUTURECRAFT, #strung, ""coded"""
179,SAVED_SEARCH,1459158,"futurecraft, futurecraft.strung, FUTURECRAFT.STRUNG, #FUTURECRAFT, #strung, ""coded"""
180,SAVED_SEARCH,1459159,"futurecraft, futurecraft.strung, FUTURECRAFT.STRUNG, #FUTURECRAFT, #strung, ""coded"""
181,SAVED_SEARCH,1460339,Zx 2k boost
182,LIST,1460463,ONLY_Media Partners (from TW)
183,LIST,1460464,ONLY_Retail Partners (from TW)
184,SAVED_SEARCH,1461155,Adidas x IvyPark
185,SAVED_SEARCH,1461159,IvyPark20Oct_OwnedIG
186,SAVED_SEARCH,1461160,IvyPark20Oct_MediapartnersIG
187,SAVED_SEARCH,1461161,IvyPark20Oct_RetailpartnersIG
188,LIST,1461170,IvyParkOCT20_BeyonceAccount
189,LIST,1464663,IVY PARK 2.1 Partners
190,SAVED_SEARCH,1464677,IvyPark20Oct_PartnersIG
191,SAVED_SEARCH,1465582,IvyPark20Oct_Beyonce/IVYPARK_IG
192,SAVED_SEARCH,1467340,Futurecraft
193,LIST,1469953,pharell
194,LIST,1471279,IVY PARK 2.2 Partners
195,SAVED_SEARCH,1472018,A-ZX
196,LIST,1475253,GSM Dani list 2020
197,SAVED_SEARCH,1481329,Ht sample
