,Type,Topic_Id,Topic_title
0,LIST,87091,All Media (Full List)
1,LIST,131066,NRHO - OWNED ALL BRAND ACCOUNTS 2019
2,SAVED_SEARCH,131083,Adidas Mentions (in German News)
3,SAVED_SEARCH,131084,Adidas Mentions (Within Sports)
4,SAVED_SEARCH,131085,NYFW Keywords (from Fashion Outlets)
5,SAVED_SEARCH,131087,Speed Factory
6,SAVED_SEARCH,131088,Speed Factory + Adidas
7,SAVED_SEARCH,131382,Berlin Fashion Week
8,SAVED_SEARCH,133461,Fashion words
9,SAVED_SEARCH,133492,London fashion week
10,SAVED_SEARCH,134077,Milan Fashion Week
11,SAVED_SEARCH,134908,adidas x parley
12,SAVED_SEARCH,135327,nikelab and a kind of guise
13,SAVED_SEARCH,135875,Berlin Fashion Week
14,SAVED_SEARCH,135876,adidas x AW
15,SAVED_SEARCH,137890,"wings + horns, wings+horns, w+h, wings and horns, wingsandhorns"
16,SAVED_SEARCH,139390,Mastermind
17,SAVED_SEARCH,140065,adidas
18,SAVED_SEARCH,141204,Proud Employee OR Hi
19,SAVED_SEARCH,159956,#xbyo
20,LIST,163159,NRHO - ORIGINALS PR READING LIST
21,SAVED_SEARCH,163733,#neverfollow
22,SAVED_SEARCH,163761,adidas Mentions (General)
23,SAVED_SEARCH,163798,adidas two hour marathon
24,SAVED_SEARCH,164946,#ORIGINALis
25,SAVED_SEARCH,181868,#X16
26,SAVED_SEARCH,183547,LS - Mini Rodini
27,SAVED_SEARCH,210936,#adidasallday
28,LIST,250025,NRHO - HZO-NR-Football PR Social
29,LIST,250027,NRHO - HZO-NR-Running PR Social
30,LIST,250518,NRHO - HZO-NR-Brand PR Social
31,LIST,254323,NRHO -HZO-NR-Originals PR Social
32,SAVED_SEARCH,271963,NRHO - HZO Newsroom - adidas Brand (PR)
33,SAVED_SEARCH,271964,NRHO - HZO Newsroom - adidas Originals (PR)
34,SAVED_SEARCH,271965,NRHO - HZO Newsroom - adidas Running (PR)
35,SAVED_SEARCH,271966,NRHO - HZO Newsroom - adidas Women (PR)
36,SAVED_SEARCH,271967,NRHO - HZO Newsroom - adidas Football (PR)
37,SAVED_SEARCH,271968,NRHO - HZO Newsroom - Nike Brand (PR)
38,SAVED_SEARCH,271969,NRHO - HZO Newsroom - Nike Football (PR)
39,SAVED_SEARCH,271970,NRHO - HZO Newsroom - Nike Running (PR)
40,SAVED_SEARCH,271971,NRHO -HZO Newsroom - Nike Women (PR)
41,SAVED_SEARCH,271973,NRHO - HZO Newsroom - Nike Sportswear (PR)
42,SAVED_SEARCH,330631,Usain Bolt
43,SAVED_SEARCH,401273,"#ultraboost, #ultraboostx"
44,LIST,406147,NRHO - Nike - Owned Accounts 2019
45,SAVED_SEARCH,406149,Nike Keywords
46,SAVED_SEARCH,409500,Nike
47,SAVED_SEARCH,412757,AM4LDN
48,SAVED_SEARCH,417361,Adidas Content- WI
49,SAVED_SEARCH,425173,DBC - Social One Pager
50,SAVED_SEARCH,426952,"ATR,  Terrain"
51,SAVED_SEARCH,591299,#futurecraft
52,SAVED_SEARCH,621534,#water
53,SAVED_SEARCH,645923,"inspiring, amazing, heartwarming"
54,SAVED_SEARCH,751451,#data_breach
55,LIST,1358417,2020 PR List FB
56,LIST,1460465,ONLY_adidas Owned Accounts
57,SAVED_SEARCH,1461168,IvyParkOct20_OwnedFB
58,SAVED_SEARCH,1478585,#ReadyForSport
